personId,relationCategory,relation,relatedPersonId,startHour,endHour

902,"CARER","CARES_FOR",2391,9,17
240,"CARER","CARES_FOR",2402,9,17
250,"CARER","CARES_FOR",2410,9,17
250,"CARER","CARES_FOR",2411,9,17
312,"CARER","CARES_FOR",2447,9,17
38,"CARER","CARES_FOR",2461,9,17
38,"CARER","CARES_FOR",2462,9,17
38,"CARER","CARES_FOR",2463,9,17
1501,"CARER","CARES_FOR",2497,9,17
75,"CARER","CARES_FOR",2520,9,17
77,"CARER","CARES_FOR",2521,9,17
77,"CARER","CARES_FOR",2522,9,17
1646,"CARER","CARES_FOR",2526,9,17
1712,"CARER","CARES_FOR",2545,9,17
87,"CARER","CARES_FOR",2548,9,17
87,"CARER","CARES_FOR",2549,9,17
87,"CARER","CARES_FOR",2550,9,17
1843,"CARER","CARES_FOR",2574,9,17
3,"CARER","CARES_FOR",2634,9,17
3,"CARER","CARES_FOR",2635,9,17
2188,"CARER","CARES_FOR",2638,9,17
2190,"CARER","CARES_FOR",2640,9,17
769,"CARER","CARES_FOR",2650,9,17
769,"CARER","CARES_FOR",2651,9,17
2766,"RIVAL","RIVAL_RELIGION",7597,,
806,"RIVAL","RIVAL_COMPETITIVE",807,,
808,"PARTNER","AFFAIR",935,,
809,"CARER","CARES_FOR",2377,,
809,"RIVAL","RIVAL_RELIGION",4210,,
810,"PARTNER","ADMIRER",915,,
137,"RIVAL","RIVAL_COMPETITIVE",138,,
137,"PARTNER","ADMIRER",830,,
138,"PARTNER","ADMIRER",843,,
811,"PARTNER","AFFAIR",2685,,
812,"CARER","CARES_FOR",2378,,
813,"RIVAL","RIVAL_BUSINESS",878,,
814,"PARTNER","AFFAIR",1267,,
158,"PARTNER","ADMIRER",815,,
816,"PARTNER","ADMIRER",841,,
139,"PARTNER","ADMIRER",159,,
139,"PARTNER","ADMIRER",227,,
313,"PARTNER","ADMIRER",817,,
818,"PARTNER","ADMIRER",1068,,
819,"PARTNER","ADMIRER",968,,
140,"PARTNER","ADMIRER",149,,
6,"PARTNER","ADMIRER",140,,
820,"PARTNER","ADMIRER",834,,
821,"PARTNER","ADMIRER",1269,,
801,"PARTNER","AFFAIR",822,,
33,"PARTNER","ADMIRER",141,,
141,"PARTNER","ADMIRER",457,,
142,"PARTNER","ADMIRER",370,,
142,"PARTNER","ADMIRER",525,,
143,"PARTNER","ADMIRER",443,,
143,"PARTNER","ADMIRER",579,,
5,"PARTNER","ADMIRER",144,,
144,"PARTNER","ADMIRER",200,,
145,"RIVAL","RIVAL_COMPETITIVE",824,,
145,"PARTNER","ADMIRER",835,,
823,"PARTNER","ADMIRER",974,,
823,"RIVAL","RIVAL_RELIGION",2298,,
146,"PARTNER","ADMIRER",231,,
29,"PARTNER","ADMIRER",146,,
146,"RIVAL","RIVAL_RELIGION",7778,,
825,"PARTNER","ADMIRER",1194,,
825,"RIVAL","RIVAL_RELIGION",2374,,
152,"RIVAL","RIVAL_COMPETITIVE",826,,
826,"RIVAL","RIVAL_RELIGION",5633,,
147,"CARER","CARES_FOR",2379,,
147,"CARER","CARES_FOR",2380,,
503,"RIVAL","RIVAL_RELIGION",2841,,
827,"CARER","CARES_FOR",2381,,
828,"PARTNER","ADMIRER",865,,
148,"PARTNER","ADMIRER",179,,
148,"PARTNER","ADMIRER",229,,
829,"PARTNER","ADMIRER",969,,
6,"RIVAL","RIVAL_ROMANTIC",149,,
150,"PARTNER","ADMIRER",275,,
150,"PARTNER","ADMIRER",333,,
151,"PARTNER","ADMIRER",171,,
151,"PARTNER","ADMIRER",172,,
831,"PARTNER","ADMIRER",965,,
152,"PARTNER","ADMIRER",1168,,
832,"PARTNER","ADMIRER",855,,
833,"PARTNER","ADMIRER",851,,
1304,"RIVAL","RIVAL_RELIGION",2853,,
153,"PARTNER","ADMIRER",195,,
153,"PARTNER","ADMIRER",244,,
11,"PARTNER","ADMIRER",154,,
154,"PARTNER","ADMIRER",277,,
836,"RIVAL","RIVAL_COMPETITIVE",837,,
255,"PARTNER","ADMIRER",838,,
839,"PARTNER","ADMIRER",1074,,
840,"PARTNER","AFFAIR",2714,,
155,"PARTNER","ADMIRER",427,,
155,"PARTNER","ADMIRER",545,,
156,"RIVAL","RIVAL_COMPETITIVE",158,,
156,"PARTNER","ADMIRER",543,,
157,"PARTNER","ADMIRER",214,,
157,"PARTNER","ADMIRER",454,,
842,"RIVAL","RIVAL_COMPETITIVE",844,,
4,"RIVAL","RIVAL_COMPETITIVE",160,,
4,"PARTNER","ADMIRER",264,,
4,"PARTNER","ADMIRER",681,,
159,"RIVAL","RIVAL_ROMANTIC",227,,
845,"PARTNER","ADMIRER",1417,,
160,"PARTNER","ADMIRER",343,,
160,"RIVAL","RIVAL_RELIGION",3139,,
161,"PARTNER","ADMIRER",173,,
161,"PARTNER","ADMIRER",198,,
162,"PARTNER","ADMIRER",165,,
7,"PARTNER","ADMIRER",162,,
846,"PARTNER","ADMIRER",880,,
163,"PARTNER","ADMIRER",223,,
163,"PARTNER","ADMIRER",303,,
164,"RIVAL","RIVAL_COMPETITIVE",847,,
1,"PARTNER","AFFAIR",164,,
7,"RIVAL","RIVAL_ROMANTIC",165,,
166,"RIVAL","RIVAL_COMPETITIVE",848,,
166,"PARTNER","ADMIRER",1488,,
167,"PARTNER","ADMIRER",213,,
20,"PARTNER","ADMIRER",167,,
849,"PARTNER","AFFAIR",2687,,
850,"PARTNER","ADMIRER",869,,
852,"PARTNER","ADMIRER",937,,
168,"RIVAL","RIVAL_COMPETITIVE",169,,
168,"PARTNER","ADMIRER",189,,
169,"PARTNER","ADMIRER",922,,
170,"PARTNER","ADMIRER",212,,
170,"PARTNER","ADMIRER",316,,
853,"PARTNER","ADMIRER",881,,
854,"PARTNER","ADMIRER",944,,
171,"RIVAL","RIVAL_ROMANTIC",172,,
2888,"RIVAL","RIVAL_RELIGION",3471,,
2889,"RIVAL","RIVAL_RELIGION",3583,,
856,"PARTNER","ADMIRER",1519,,
173,"RIVAL","RIVAL_ROMANTIC",198,,
173,"RIVAL","RIVAL_RELIGION",4700,,
857,"PARTNER","ADMIRER",1692,,
858,"PARTNER","ADMIRER",861,,
859,"PARTNER","ADMIRER",2054,,
174,"CARER","CARES_FOR",2382,,
174,"PARTNER","AFFAIR",883,,
860,"PARTNER","AFFAIR",2702,,
175,"PARTNER","ADMIRER",178,,
175,"PARTNER","ADMIRER",245,,
175,"RIVAL","RIVAL_RELIGION",5473,,
176,"PARTNER","ADMIRER",219,,
176,"PARTNER","ADMIRER",304,,
862,"CARER","CARES_FOR",2383,,
2896,"RIVAL","RIVAL_RELIGION",7687,,
267,"PARTNER","ADMIRER",863,,
2902,"RIVAL","RIVAL_RELIGION",7484,,
177,"PARTNER","ADMIRER",236,,
177,"PARTNER","ADMIRER",261,,
178,"RIVAL","RIVAL_ROMANTIC",245,,
2909,"RIVAL","RIVAL_RELIGION",3323,,
864,"PARTNER","AFFAIR",2150,,
865,"RIVAL","RIVAL_RELIGION",2980,,
179,"RIVAL","RIVAL_ROMANTIC",229,,
866,"PARTNER","ADMIRER",1092,,
867,"RIVAL","RIVAL_COMPETITIVE",868,,
870,"PARTNER","ADMIRER",983,,
871,"PARTNER","ADMIRER",1099,,
871,"RIVAL","RIVAL_RELIGION",1610,,
180,"RIVAL","RIVAL_BUSINESS",879,,
180,"PARTNER","ADMIRER",1082,,
872,"CARER","CARES_FOR",2384,,
873,"RIVAL","RIVAL_COMPETITIVE",874,,
181,"PARTNER","ADMIRER",407,,
50,"PARTNER","ADMIRER",181,,
875,"PARTNER","ADMIRER",976,,
325,"PARTNER","ADMIRER",876,,
5,"RIVAL","RIVAL_BUSINESS",877,,
5,"RIVAL","RIVAL_ROMANTIC",200,,
199,"PARTNER","ADMIRER",882,,
182,"PARTNER","ADMIRER",228,,
182,"PARTNER","ADMIRER",280,,
9,"PARTNER","ADMIRER",183,,
183,"PARTNER","ADMIRER",208,,
884,"RIVAL","RIVAL_COMPETITIVE",885,,
184,"CARER","CARES_FOR",2385,,
184,"CARER","CARES_FOR",2386,,
886,"PARTNER","ADMIRER",914,,
185,"PARTNER","ADMIRER",268,,
185,"PARTNER","ADMIRER",329,,
547,"PARTNER","ADMIRER",887,,
888,"PARTNER","ADMIRER",1081,,
193,"PARTNER","ADMIRER",889,,
889,"RIVAL","RIVAL_RELIGION",4553,,
186,"PARTNER","ADMIRER",474,,
186,"PARTNER","ADMIRER",504,,
2942,"RIVAL","RIVAL_RELIGION",4773,,
2943,"RIVAL","RIVAL_RELIGION",5242,,
890,"RIVAL","RIVAL_COMPETITIVE",891,,
187,"PARTNER","ADMIRER",221,,
187,"PARTNER","ADMIRER",253,,
187,"RIVAL","RIVAL_RELIGION",1377,,
188,"PARTNER","ADMIRER",197,,
188,"PARTNER","ADMIRER",224,,
892,"PARTNER","ADMIRER",1132,,
2945,"RIVAL","RIVAL_RELIGION",5203,,
2946,"RIVAL","RIVAL_RELIGION",4036,,
189,"RIVAL","RIVAL_BUSINESS",1032,,
199,"RIVAL","RIVAL_BUSINESS",893,,
6,"RIVAL","RIVAL_COMPETITIVE",894,,
190,"PARTNER","AFFAIR",2688,,
7,"RIVAL","RIVAL_COMPETITIVE",190,,
8,"RIVAL","RIVAL_BUSINESS",895,,
1,"CARER","CARES_FOR",2388,,
1,"CARER","CARES_FOR",2389,,
1,"CARER","CARES_FOR",2390,,
896,"RIVAL","RIVAL_COMPETITIVE",897,,
8,"PARTNER","ADMIRER",230,,
8,"PARTNER","ADMIRER",335,,
191,"PARTNER","ADMIRER",257,,
43,"PARTNER","ADMIRER",191,,
191,"RIVAL","RIVAL_RELIGION",1565,,
898,"PARTNER","ADMIRER",963,,
899,"PARTNER","ADMIRER",1015,,
490,"RIVAL","RIVAL_BUSINESS",900,,
2962,"RIVAL","RIVAL_RELIGION",3571,,
192,"RIVAL","RIVAL_COMPETITIVE",193,,
192,"PARTNER","ADMIRER",279,,
16,"PARTNER","ADMIRER",194,,
194,"PARTNER","ADMIRER",464,,
195,"RIVAL","RIVAL_ROMANTIC",244,,
196,"PARTNER","ADMIRER",272,,
196,"PARTNER","ADMIRER",396,,
901,"CARER","CARES_FOR",2391,,
902,"RIVAL","RIVAL_RELIGION",3686,,
2971,"RIVAL","RIVAL_RELIGION",4842,,
903,"CARER","CARES_FOR",2392,,
197,"RIVAL","RIVAL_ROMANTIC",224,,
904,"PARTNER","ADMIRER",1017,,
905,"PARTNER","ADMIRER",1028,,
1870,"RIVAL","RIVAL_RELIGION",2972,,
906,"RIVAL","RIVAL_BUSINESS",1435,,
201,"PARTNER","AFFAIR",2686,,
201,"RIVAL","RIVAL_BUSINESS",1439,,
202,"PARTNER","ADMIRER",950,,
57,"RIVAL","RIVAL_BUSINESS",202,,
907,"PARTNER","ADMIRER",1436,,
908,"PARTNER","ADMIRER",1075,,
203,"PARTNER","ADMIRER",375,,
203,"PARTNER","ADMIRER",693,,
203,"RIVAL","RIVAL_RELIGION",2258,,
909,"PARTNER","ADMIRER",1480,,
9,"RIVAL","RIVAL_COMPETITIVE",204,,
9,"RIVAL","RIVAL_ROMANTIC",208,,
204,"PARTNER","ADMIRER",1557,,
205,"RIVAL","RIVAL_BUSINESS",1270,,
205,"PARTNER","ADMIRER",1384,,
205,"RIVAL","RIVAL_RELIGION",4565,,
910,"PARTNER","ADMIRER",1968,,
10,"PARTNER","ADMIRER",238,,
10,"PARTNER","ADMIRER",338,,
10,"RIVAL","RIVAL_BUSINESS",360,,
911,"RIVAL","RIVAL_BUSINESS",1272,,
248,"PARTNER","ADMIRER",912,,
206,"PARTNER","ADMIRER",389,,
206,"PARTNER","ADMIRER",568,,
12,"PARTNER","ADMIRER",207,,
207,"PARTNER","ADMIRER",461,,
913,"PARTNER","ADMIRER",1041,,
209,"PARTNER","ADMIRER",218,,
209,"PARTNER","ADMIRER",294,,
210,"PARTNER","ADMIRER",235,,
210,"PARTNER","ADMIRER",242,,
914,"RIVAL","RIVAL_RELIGION",4012,,
274,"PARTNER","ADMIRER",916,,
917,"PARTNER","ADMIRER",1294,,
215,"PARTNER","ADMIRER",918,,
211,"PARTNER","ADMIRER",217,,
211,"PARTNER","ADMIRER",341,,
919,"RIVAL","RIVAL_COMPETITIVE",920,,
921,"PARTNER","ADMIRER",1061,,
923,"CARER","CARES_FOR",2393,,
924,"CARER","CARES_FOR",2394,,
925,"RIVAL","RIVAL_BUSINESS",990,,
2996,"RIVAL","RIVAL_RELIGION",4286,,
443,"RIVAL","RIVAL_RELIGION",2998,,
3001,"RIVAL","RIVAL_RELIGION",7100,,
260,"RIVAL","RIVAL_BUSINESS",926,,
927,"RIVAL","RIVAL_BUSINESS",1011,,
263,"RIVAL","RIVAL_BUSINESS",928,,
263,"PARTNER","ADMIRER",929,,
212,"RIVAL","RIVAL_ROMANTIC",316,,
20,"RIVAL","RIVAL_ROMANTIC",213,,
214,"RIVAL","RIVAL_ROMANTIC",454,,
215,"RIVAL","RIVAL_COMPETITIVE",216,,
216,"PARTNER","ADMIRER",307,,
930,"RIVAL","RIVAL_COMPETITIVE",931,,
217,"RIVAL","RIVAL_ROMANTIC",341,,
217,"RIVAL","RIVAL_RELIGION",3165,,
932,"CARER","CARES_FOR",2395,,
933,"RIVAL","RIVAL_COMPETITIVE",934,,
936,"PARTNER","ADMIRER",1214,,
938,"CARER","CARES_FOR",2397,,
274,"RIVAL","RIVAL_BUSINESS",939,,
1025,"RIVAL","RIVAL_RELIGION",3033,,
940,"PARTNER","ADMIRER",1632,,
941,"PARTNER","ADMIRER",1066,,
941,"RIVAL","RIVAL_RELIGION",5509,,
218,"RIVAL","RIVAL_ROMANTIC",294,,
219,"RIVAL","RIVAL_ROMANTIC",304,,
942,"PARTNER","ADMIRER",1169,,
943,"CARER","CARES_FOR",2398,,
220,"PARTNER","ADMIRER",981,,
220,"RIVAL","RIVAL_BUSINESS",1046,,
945,"PARTNER","ADMIRER",1278,,
3051,"RIVAL","RIVAL_RELIGION",7634,,
221,"RIVAL","RIVAL_ROMANTIC",253,,
222,"RIVAL","RIVAL_BUSINESS",1021,,
222,"PARTNER","ADMIRER",1105,,
222,"RIVAL","RIVAL_RELIGION",4665,,
223,"RIVAL","RIVAL_ROMANTIC",303,,
225,"PARTNER","ADMIRER",492,,
225,"PARTNER","ADMIRER",762,,
226,"PARTNER","ADMIRER",293,,
226,"PARTNER","ADMIRER",480,,
228,"RIVAL","RIVAL_ROMANTIC",280,,
946,"PARTNER","ADMIRER",1203,,
946,"RIVAL","RIVAL_RELIGION",6946,,
230,"RIVAL","RIVAL_ROMANTIC",335,,
87,"RIVAL","RIVAL_RELIGION",3060,,
29,"RIVAL","RIVAL_ROMANTIC",231,,
947,"CARER","CARES_FOR",2399,,
1474,"RIVAL","RIVAL_RELIGION",3066,,
22,"PARTNER","ADMIRER",232,,
232,"PARTNER","ADMIRER",505,,
948,"PARTNER","ADMIRER",1298,,
309,"PARTNER","ADMIRER",949,,
233,"PARTNER","ADMIRER",282,,
110,"PARTNER","ADMIRER",233,,
234,"PARTNER","ADMIRER",288,,
51,"PARTNER","ADMIRER",234,,
15,"RIVAL","RIVAL_RELIGION",3070,,
235,"RIVAL","RIVAL_ROMANTIC",242,,
236,"RIVAL","RIVAL_ROMANTIC",261,,
951,"PARTNER","ADMIRER",1691,,
19,"RIVAL","RIVAL_BUSINESS",952,,
953,"RIVAL","RIVAL_BUSINESS",1069,,
954,"CARER","CARES_FOR",2401,,
468,"RIVAL","RIVAL_RELIGION",3082,,
3083,"RIVAL","RIVAL_RELIGION",6652,,
955,"PARTNER","ADMIRER",1025,,
956,"PARTNER","ADMIRER",1759,,
237,"PARTNER","ADMIRER",295,,
237,"PARTNER","ADMIRER",439,,
957,"PARTNER","ADMIRER",1007,,
958,"CARER","CARES_FOR",2402,,
958,"RIVAL","RIVAL_RELIGION",4545,,
238,"RIVAL","RIVAL_ROMANTIC",338,,
238,"RIVAL","RIVAL_RELIGION",4866,,
239,"PARTNER","ADMIRER",323,,
239,"PARTNER","ADMIRER",371,,
240,"PARTNER","ADMIRER",1129,,
241,"PARTNER","ADMIRER",301,,
241,"PARTNER","ADMIRER",311,,
959,"CARER","CARES_FOR",2403,,
3086,"RIVAL","RIVAL_RELIGION",6959,,
3091,"RIVAL","RIVAL_RELIGION",5135,,
960,"PARTNER","AFFAIR",2695,,
243,"PARTNER","ADMIRER",326,,
92,"PARTNER","ADMIRER",243,,
961,"RIVAL","RIVAL_COMPETITIVE",962,,
964,"PARTNER","ADMIRER",1185,,
966,"CARER","CARES_FOR",2404,,
967,"CARER","CARES_FOR",2405,,
246,"PARTNER","ADMIRER",332,,
246,"PARTNER","ADMIRER",517,,
970,"RIVAL","RIVAL_COMPETITIVE",971,,
972,"RIVAL","RIVAL_BUSINESS",1110,,
973,"RIVAL","RIVAL_BUSINESS",1109,,
975,"PARTNER","AFFAIR",1070,,
977,"RIVAL","RIVAL_COMPETITIVE",978,,
979,"RIVAL","RIVAL_BUSINESS",1019,,
979,"RIVAL","RIVAL_RELIGION",6404,,
980,"PARTNER","ADMIRER",1321,,
247,"RIVAL","RIVAL_COMPETITIVE",248,,
247,"PARTNER","ADMIRER",1360,,
3126,"RIVAL","RIVAL_RELIGION",4056,,
982,"PARTNER","ADMIRER",1949,,
11,"RIVAL","RIVAL_ROMANTIC",277,,
11,"PARTNER","AFFAIR",133,,
984,"PARTNER","AFFAIR",2734,,
985,"RIVAL","RIVAL_COMPETITIVE",986,,
987,"CARER","CARES_FOR",2409,,
988,"RIVAL","RIVAL_BUSINESS",1084,,
988,"RIVAL","RIVAL_RELIGION",4139,,
989,"RIVAL","RIVAL_BUSINESS",1085,,
249,"CARER","CARES_FOR",2410,,
249,"CARER","CARES_FOR",2411,,
250,"RIVAL","RIVAL_RELIGION",4536,,
251,"CARER","CARES_FOR",2412,,
251,"CARER","CARES_FOR",2413,,
991,"RIVAL","RIVAL_BUSINESS",1145,,
992,"RIVAL","RIVAL_BUSINESS",994,,
993,"CARER","CARES_FOR",2414,,
1444,"RIVAL","RIVAL_RELIGION",3164,,
252,"PARTNER","ADMIRER",302,,
49,"PARTNER","ADMIRER",252,,
995,"PARTNER","ADMIRER",1505,,
996,"PARTNER","ADMIRER",2048,,
997,"PARTNER","ADMIRER",1201,,
998,"PARTNER","ADMIRER",1173,,
254,"CARER","CARES_FOR",2415,,
254,"CARER","CARES_FOR",2416,,
999,"PARTNER","ADMIRER",1880,,
1000,"RIVAL","RIVAL_COMPETITIVE",1001,,
12,"RIVAL","RIVAL_COMPETITIVE",255,,
12,"RIVAL","RIVAL_ROMANTIC",461,,
1002,"RIVAL","RIVAL_COMPETITIVE",1003,,
1004,"CARER","CARES_FOR",2418,,
1005,"RIVAL","RIVAL_BUSINESS",1176,,
1006,"PARTNER","ADMIRER",1271,,
256,"RIVAL","RIVAL_BUSINESS",331,,
256,"PARTNER","ADMIRER",1412,,
1007,"RIVAL","RIVAL_RELIGION",1806,,
43,"RIVAL","RIVAL_ROMANTIC",257,,
13,"RIVAL","RIVAL_COMPETITIVE",14,,
13,"PARTNER","ADMIRER",289,,
13,"PARTNER","ADMIRER",377,,
14,"PARTNER","ADMIRER",269,,
14,"PARTNER","ADMIRER",471,,
258,"PARTNER","ADMIRER",1191,,
28,"RIVAL","RIVAL_BUSINESS",258,,
1008,"PARTNER","ADMIRER",1171,,
259,"PARTNER","AFFAIR",2693,,
259,"PARTNER","ADMIRER",1192,,
1009,"CARER","CARES_FOR",2419,,
1010,"PARTNER","AFFAIR",1043,,
260,"PARTNER","ADMIRER",2060,,
15,"RIVAL","RIVAL_BUSINESS",21,,
15,"PARTNER","ADMIRER",36,,
15,"PARTNER","ADMIRER",440,,
262,"RIVAL","RIVAL_BUSINESS",1111,,
262,"PARTNER","ADMIRER",1247,,
306,"PARTNER","ADMIRER",1012,,
22,"RIVAL","RIVAL_BUSINESS",1013,,
319,"PARTNER","ADMIRER",1014,,
264,"RIVAL","RIVAL_ROMANTIC",681,,
1016,"PARTNER","ADMIRER",1396,,
16,"PARTNER","AFFAIR",1097,,
16,"RIVAL","RIVAL_ROMANTIC",464,,
362,"PARTNER","ADMIRER",1018,,
1020,"CARER","CARES_FOR",2421,,
265,"PARTNER","ADMIRER",298,,
265,"PARTNER","ADMIRER",328,,
1022,"PARTNER","ADMIRER",1291,,
24,"PARTNER","ADMIRER",266,,
266,"PARTNER","ADMIRER",322,,
267,"RIVAL","RIVAL_BUSINESS",297,,
3214,"RIVAL","RIVAL_RELIGION",4241,,
268,"RIVAL","RIVAL_ROMANTIC",329,,
299,"PARTNER","ADMIRER",1023,,
1024,"PARTNER","ADMIRER",1202,,
3221,"RIVAL","RIVAL_RELIGION",7142,,
1530,"RIVAL","RIVAL_RELIGION",3222,,
271,"PARTNER","ADMIRER",1026,,
1027,"CARER","CARES_FOR",2422,,
1027,"RIVAL","RIVAL_RELIGION",2299,,
1029,"PARTNER","ADMIRER",1094,,
1029,"RIVAL","RIVAL_RELIGION",2272,,
3230,"RIVAL","RIVAL_RELIGION",6546,,
269,"RIVAL","RIVAL_ROMANTIC",471,,
17,"RIVAL","RIVAL_COMPETITIVE",1030,,
17,"PARTNER","ADMIRER",414,,
17,"PARTNER","ADMIRER",437,,
270,"PARTNER","ADMIRER",499,,
270,"PARTNER","ADMIRER",734,,
1031,"PARTNER","ADMIRER",1410,,
18,"CARER","CARES_FOR",2423,,
18,"CARER","CARES_FOR",2424,,
18,"CARER","CARES_FOR",2425,,
1033,"PARTNER","ADMIRER",1324,,
1034,"RIVAL","RIVAL_COMPETITIVE",1035,,
1036,"RIVAL","RIVAL_COMPETITIVE",1037,,
271,"RIVAL","RIVAL_BUSINESS",1395,,
272,"RIVAL","RIVAL_ROMANTIC",396,,
1038,"CARER","CARES_FOR",2426,,
3253,"RIVAL","RIVAL_RELIGION",7083,,
273,"RIVAL","RIVAL_COMPETITIVE",1039,,
273,"PARTNER","AFFAIR",1049,,
1040,"RIVAL","RIVAL_BUSINESS",1394,,
3254,"RIVAL","RIVAL_RELIGION",7455,,
275,"RIVAL","RIVAL_ROMANTIC",333,,
1042,"PARTNER","AFFAIR",1051,,
276,"CARER","CARES_FOR",2427,,
276,"PARTNER","AFFAIR",1067,,
1044,"RIVAL","RIVAL_COMPETITIVE",1045,,
1047,"RIVAL","RIVAL_COMPETITIVE",1048,,
493,"PARTNER","ADMIRER",1050,,
290,"RIVAL","RIVAL_BUSINESS",1052,,
3273,"RIVAL","RIVAL_RELIGION",6765,,
1053,"RIVAL","RIVAL_COMPETITIVE",1054,,
3280,"RIVAL","RIVAL_RELIGION",5293,,
1055,"RIVAL","RIVAL_COMPETITIVE",1059,,
1056,"RIVAL","RIVAL_COMPETITIVE",1057,,
1058,"PARTNER","ADMIRER",1739,,
45,"PARTNER","ADMIRER",278,,
85,"PARTNER","ADMIRER",278,,
279,"RIVAL","RIVAL_BUSINESS",1290,,
314,"PARTNER","ADMIRER",1060,,
281,"CARER","CARES_FOR",2428,,
281,"CARER","CARES_FOR",2429,,
1215,"RIVAL","RIVAL_RELIGION",3285,,
30,"PARTNER","AFFAIR",1062,,
327,"RIVAL","RIVAL_BUSINESS",1063,,
1064,"CARER","CARES_FOR",2430,,
110,"RIVAL","RIVAL_ROMANTIC",282,,
19,"PARTNER","ADMIRER",30,,
19,"PARTNER","ADMIRER",386,,
20,"RIVAL","RIVAL_BUSINESS",1289,,
1065,"PARTNER","ADMIRER",1161,,
27,"RIVAL","RIVAL_BUSINESS",1071,,
1072,"CARER","CARES_FOR",2431,,
283,"PARTNER","ADMIRER",409,,
59,"PARTNER","ADMIRER",283,,
283,"RIVAL","RIVAL_RELIGION",2280,,
284,"PARTNER","ADMIRER",1256,,
284,"RIVAL","RIVAL_BUSINESS",1508,,
285,"RIVAL","RIVAL_COMPETITIVE",1073,,
285,"PARTNER","ADMIRER",312,,
286,"PARTNER","ADMIRER",369,,
53,"PARTNER","ADMIRER",286,,
287,"PARTNER","ADMIRER",400,,
287,"PARTNER","ADMIRER",615,,
51,"RIVAL","RIVAL_ROMANTIC",288,,
1076,"PARTNER","AFFAIR",1781,,
1077,"CARER","CARES_FOR",2432,,
289,"RIVAL","RIVAL_ROMANTIC",377,,
290,"PARTNER","ADMIRER",1266,,
1078,"PARTNER","ADMIRER",1204,,
1079,"PARTNER","ADMIRER",1179,,
3327,"RIVAL","RIVAL_RELIGION",5169,,
1080,"CARER","CARES_FOR",2433,,
3329,"RIVAL","RIVAL_RELIGION",3591,,
291,"PARTNER","ADMIRER",337,,
291,"PARTNER","ADMIRER",411,,
292,"PARTNER","ADMIRER",405,,
292,"PARTNER","ADMIRER",606,,
293,"RIVAL","RIVAL_ROMANTIC",480,,
3339,"RIVAL","RIVAL_RELIGION",3840,,
295,"RIVAL","RIVAL_ROMANTIC",439,,
1083,"PARTNER","ADMIRER",1153,,
296,"PARTNER","ADMIRER",426,,
88,"PARTNER","ADMIRER",296,,
776,"PARTNER","ADMIRER",1086,,
1087,"PARTNER","AFFAIR",2701,,
1087,"RIVAL","RIVAL_RELIGION",1839,,
1088,"RIVAL","RIVAL_BUSINESS",1655,,
1089,"RIVAL","RIVAL_BUSINESS",1656,,
531,"RIVAL","RIVAL_BUSINESS",1090,,
1091,"CARER","CARES_FOR",2434,,
3355,"RIVAL","RIVAL_RELIGION",4654,,
3358,"RIVAL","RIVAL_RELIGION",5549,,
3364,"RIVAL","RIVAL_RELIGION",3869,,
1093,"PARTNER","ADMIRER",1408,,
1095,"PARTNER","AFFAIR",1208,,
1096,"PARTNER","AFFAIR",2710,,
3369,"RIVAL","RIVAL_RELIGION",3904,,
1098,"PARTNER","AFFAIR",1246,,
297,"PARTNER","ADMIRER",318,,
298,"RIVAL","RIVAL_ROMANTIC",328,,
298,"RIVAL","RIVAL_RELIGION",5619,,
1100,"RIVAL","RIVAL_BUSINESS",1198,,
1101,"RIVAL","RIVAL_BUSINESS",1159,,
299,"RIVAL","RIVAL_COMPETITIVE",1102,,
1103,"RIVAL","RIVAL_COMPETITIVE",1104,,
300,"CARER","CARES_FOR",2438,,
300,"PARTNER","AFFAIR",1215,,
483,"PARTNER","ADMIRER",1106,,
3394,"RIVAL","RIVAL_RELIGION",4449,,
301,"RIVAL","RIVAL_ROMANTIC",311,,
1107,"RIVAL","RIVAL_COMPETITIVE",1108,,
1112,"RIVAL","RIVAL_COMPETITIVE",1113,,
21,"PARTNER","ADMIRER",394,,
21,"PARTNER","ADMIRER",68,,
22,"RIVAL","RIVAL_ROMANTIC",505,,
1114,"PARTNER","AFFAIR",2699,,
344,"RIVAL","RIVAL_BUSINESS",1115,,
32,"RIVAL","RIVAL_BUSINESS",1116,,
1117,"RIVAL","RIVAL_BUSINESS",1637,,
68,"PARTNER","AFFAIR",1118,,
1119,"PARTNER","ADMIRER",1299,,
49,"RIVAL","RIVAL_ROMANTIC",302,,
1120,"RIVAL","RIVAL_BUSINESS",1379,,
23,"RIVAL","RIVAL_BUSINESS",418,,
23,"PARTNER","ADMIRER",67,,
23,"PARTNER","ADMIRER",781,,
420,"RIVAL","RIVAL_BUSINESS",1121,,
1122,"RIVAL","RIVAL_BUSINESS",1235,,
1123,"PARTNER","ADMIRER",1559,,
1124,"PARTNER","ADMIRER",1473,,
1125,"PARTNER","ADMIRER",1572,,
1126,"PARTNER","ADMIRER",1622,,
1127,"RIVAL","RIVAL_COMPETITIVE",1128,,
3413,"RIVAL","RIVAL_RELIGION",7401,,
1130,"PARTNER","ADMIRER",1358,,
1131,"CARER","CARES_FOR",2440,,
305,"PARTNER","ADMIRER",1255,,
305,"RIVAL","RIVAL_BUSINESS",1257,,
1133,"RIVAL","RIVAL_COMPETITIVE",1134,,
1135,"RIVAL","RIVAL_COMPETITIVE",1136,,
1137,"RIVAL","RIVAL_COMPETITIVE",1138,,
1139,"RIVAL","RIVAL_COMPETITIVE",1140,,
1141,"CARER","CARES_FOR",2441,,
24,"RIVAL","RIVAL_COMPETITIVE",306,,
24,"RIVAL","RIVAL_ROMANTIC",322,,
1142,"CARER","CARES_FOR",2442,,
1143,"RIVAL","RIVAL_COMPETITIVE",1144,,
1146,"PARTNER","ADMIRER",1836,,
1147,"RIVAL","RIVAL_COMPETITIVE",1148,,
25,"RIVAL","RIVAL_COMPETITIVE",307,,
25,"PARTNER","ADMIRER",419,,
25,"PARTNER","ADMIRER",621,,
1149,"PARTNER","ADMIRER",1478,,
1150,"RIVAL","RIVAL_COMPETITIVE",1151,,
2351,"RIVAL","RIVAL_RELIGION",3432,,
308,"PARTNER","ADMIRER",383,,
63,"PARTNER","ADMIRER",308,,
1152,"PARTNER","ADMIRER",1564,,
1462,"RIVAL","RIVAL_RELIGION",3437,,
309,"RIVAL","RIVAL_COMPETITIVE",310,,
1154,"PARTNER","ADMIRER",1241,,
310,"PARTNER","ADMIRER",1745,,
1155,"PARTNER","ADMIRER",1567,,
1156,"PARTNER","AFFAIR",1515,,
313,"RIVAL","RIVAL_COMPETITIVE",314,,
1157,"RIVAL","RIVAL_BUSINESS",1258,,
1158,"CARER","CARES_FOR",2443,,
26,"CARER","CARES_FOR",2444,,
26,"CARER","CARES_FOR",2445,,
26,"CARER","CARES_FOR",2446,,
66,"RIVAL","RIVAL_BUSINESS",1160,,
1162,"PARTNER","ADMIRER",1450,,
315,"RIVAL","RIVAL_COMPETITIVE",1163,,
315,"PARTNER","ADMIRER",1322,,
1164,"CARER","CARES_FOR",2447,,
1165,"RIVAL","RIVAL_BUSINESS",1398,,
53,"RIVAL","RIVAL_BUSINESS",1166,,
1756,"RIVAL","RIVAL_RELIGION",3462,,
465,"RIVAL","RIVAL_BUSINESS",1167,,
1169,"RIVAL","RIVAL_RELIGION",7644,,
689,"RIVAL","RIVAL_RELIGION",3466,,
34,"PARTNER","ADMIRER",317,,
317,"PARTNER","ADMIRER",430,,
1170,"PARTNER","AFFAIR",2692,,
318,"RIVAL","RIVAL_COMPETITIVE",319,,
318,"RIVAL","RIVAL_RELIGION",3541,,
65,"PARTNER","ADMIRER",320,,
320,"PARTNER","ADMIRER",617,,
1172,"PARTNER","ADMIRER",1447,,
321,"PARTNER","ADMIRER",417,,
121,"PARTNER","ADMIRER",321,,
360,"PARTNER","ADMIRER",1174,,
2737,"RIVAL","RIVAL_RELIGION",3476,,
1175,"CARER","CARES_FOR",2449,,
3480,"RIVAL","RIVAL_RELIGION",5455,,
323,"RIVAL","RIVAL_ROMANTIC",371,,
1177,"CARER","CARES_FOR",2450,,
3492,"RIVAL","RIVAL_RELIGION",6535,,
1178,"PARTNER","AFFAIR",2705,,
1178,"RIVAL","RIVAL_RELIGION",7200,,
3508,"RIVAL","RIVAL_RELIGION",6515,,
1180,"PARTNER","ADMIRER",1357,,
1180,"RIVAL","RIVAL_RELIGION",4933,,
404,"PARTNER","AFFAIR",1181,,
324,"RIVAL","RIVAL_COMPETITIVE",1182,,
324,"PARTNER","AFFAIR",1252,,
325,"RIVAL","RIVAL_BUSINESS",1418,,
1183,"PARTNER","ADMIRER",1558,,
92,"RIVAL","RIVAL_ROMANTIC",326,,
1184,"PARTNER","ADMIRER",1388,,
327,"PARTNER","AFFAIR",420,,
1196,"RIVAL","RIVAL_RELIGION",3521,,
27,"PARTNER","ADMIRER",336,,
27,"PARTNER","ADMIRER",357,,
3523,"RIVAL","RIVAL_RELIGION",7487,,
1186,"PARTNER","ADMIRER",1295,,
330,"PARTNER","ADMIRER",421,,
330,"PARTNER","ADMIRER",629,,
1187,"PARTNER","AFFAIR",1405,,
1188,"PARTNER","ADMIRER",1411,,
1189,"RIVAL","RIVAL_COMPETITIVE",1190,,
331,"PARTNER","ADMIRER",415,,
1193,"CARER","CARES_FOR",2451,,
3545,"RIVAL","RIVAL_RELIGION",6713,,
332,"RIVAL","RIVAL_ROMANTIC",517,,
1195,"PARTNER","ADMIRER",1492,,
1196,"PARTNER","ADMIRER",1391,,
334,"PARTNER","ADMIRER",481,,
334,"PARTNER","ADMIRER",577,,
1197,"RIVAL","RIVAL_BUSINESS",1369,,
1199,"RIVAL","RIVAL_BUSINESS",1370,,
415,"RIVAL","RIVAL_BUSINESS",1200,,
3561,"RIVAL","RIVAL_RELIGION",6683,,
28,"PARTNER","ADMIRER",456,,
28,"PARTNER","ADMIRER",744,,
29,"RIVAL","RIVAL_BUSINESS",1893,,
30,"RIVAL","RIVAL_ROMANTIC",386,,
336,"RIVAL","RIVAL_ROMANTIC",357,,
1205,"PARTNER","ADMIRER",1346,,
337,"RIVAL","RIVAL_ROMANTIC",411,,
1206,"CARER","CARES_FOR",2452,,
1207,"CARER","CARES_FOR",2453,,
394,"RIVAL","RIVAL_RELIGION",3572,,
1209,"PARTNER","ADMIRER",1487,,
1210,"PARTNER","ADMIRER",1240,,
1211,"PARTNER","ADMIRER",1389,,
1212,"CARER","CARES_FOR",2454,,
47,"RIVAL","RIVAL_BUSINESS",1213,,
1216,"CARER","CARES_FOR",2457,,
1217,"RIVAL","RIVAL_BUSINESS",1344,,
339,"PARTNER","ADMIRER",384,,
339,"PARTNER","ADMIRER",518,,
418,"PARTNER","ADMIRER",1218,,
1219,"PARTNER","AFFAIR",1307,,
429,"RIVAL","RIVAL_RELIGION",3594,,
1220,"RIVAL","RIVAL_BUSINESS",1465,,
340,"PARTNER","ADMIRER",345,,
100,"PARTNER","ADMIRER",340,,
363,"PARTNER","ADMIRER",1221,,
342,"PARTNER","ADMIRER",401,,
342,"PARTNER","ADMIRER",754,,
469,"PARTNER","ADMIRER",1222,,
1223,"PARTNER","ADMIRER",1350,,
343,"RIVAL","RIVAL_BUSINESS",696,,
3603,"RIVAL","RIVAL_RELIGION",6697,,
3604,"RIVAL","RIVAL_RELIGION",7796,,
1224,"RIVAL","RIVAL_COMPETITIVE",1225,,
1226,"PARTNER","ADMIRER",1511,,
31,"RIVAL","RIVAL_BUSINESS",1349,,
31,"PARTNER","ADMIRER",436,,
31,"PARTNER","ADMIRER",441,,
32,"PARTNER","ADMIRER",361,,
32,"PARTNER","ADMIRER",550,,
344,"PARTNER","ADMIRER",1300,,
1227,"PARTNER","ADMIRER",1625,,
100,"RIVAL","RIVAL_ROMANTIC",345,,
33,"RIVAL","RIVAL_COMPETITIVE",1229,,
33,"RIVAL","RIVAL_ROMANTIC",457,,
1228,"PARTNER","ADMIRER",1339,,
346,"PARTNER","ADMIRER",455,,
346,"PARTNER","ADMIRER",642,,
49,"RIVAL","RIVAL_BUSINESS",347,,
347,"PARTNER","ADMIRER",1984,,
1230,"RIVAL","RIVAL_COMPETITIVE",1231,,
348,"CARER","CARES_FOR",2458,,
348,"CARER","CARES_FOR",2459,,
1232,"PARTNER","ADMIRER",1586,,
349,"PARTNER","ADMIRER",459,,
349,"PARTNER","ADMIRER",581,,
1233,"PARTNER","ADMIRER",1261,,
34,"RIVAL","RIVAL_COMPETITIVE",1234,,
34,"RIVAL","RIVAL_ROMANTIC",430,,
3615,"RIVAL","RIVAL_RELIGION",5155,,
1236,"RIVAL","RIVAL_BUSINESS",1529,,
1236,"RIVAL","RIVAL_RELIGION",6585,,
3616,"RIVAL","RIVAL_RELIGION",4510,,
1237,"RIVAL","RIVAL_COMPETITIVE",1238,,
1239,"PARTNER","AFFAIR",1604,,
35,"PARTNER","ADMIRER",390,,
35,"RIVAL","RIVAL_BUSINESS",402,,
35,"PARTNER","ADMIRER",485,,
350,"PARTNER","ADMIRER",424,,
81,"PARTNER","ADMIRER",350,,
36,"RIVAL","RIVAL_BUSINESS",408,,
36,"RIVAL","RIVAL_ROMANTIC",440,,
1242,"PARTNER","ADMIRER",1280,,
1243,"PARTNER","AFFAIR",2708,,
1244,"RIVAL","RIVAL_COMPETITIVE",1245,,
3622,"RIVAL","RIVAL_RELIGION",4229,,
1248,"PARTNER","ADMIRER",1752,,
39,"PARTNER","ADMIRER",351,,
351,"PARTNER","ADMIRER",422,,
1249,"PARTNER","ADMIRER",1386,,
3627,"RIVAL","RIVAL_RELIGION",3823,,
776,"PARTNER","AFFAIR",1250,,
1251,"CARER","CARES_FOR",2460,,
352,"PARTNER","ADMIRER",435,,
352,"PARTNER","ADMIRER",453,,
1252,"RIVAL","RIVAL_RELIGION",5037,,
1253,"RIVAL","RIVAL_BUSINESS",1618,,
37,"CARER","CARES_FOR",2461,,
37,"CARER","CARES_FOR",2462,,
37,"CARER","CARES_FOR",2463,,
1254,"PARTNER","ADMIRER",1363,,
1491,"RIVAL","RIVAL_RELIGION",3649,,
353,"PARTNER","ADMIRER",1556,,
353,"RIVAL","RIVAL_BUSINESS",1721,,
354,"PARTNER","ADMIRER",1374,,
70,"RIVAL","RIVAL_BUSINESS",354,,
355,"PARTNER","ADMIRER",445,,
78,"PARTNER","ADMIRER",355,,
1259,"PARTNER","AFFAIR",1260,,
1259,"RIVAL","RIVAL_RELIGION",6436,,
3659,"RIVAL","RIVAL_RELIGION",3899,,
1262,"PARTNER","ADMIRER",2350,,
1263,"PARTNER","ADMIRER",1623,,
1264,"CARER","CARES_FOR",2466,,
3665,"RIVAL","RIVAL_RELIGION",3930,,
1265,"PARTNER","ADMIRER",1284,,
61,"RIVAL","RIVAL_BUSINESS",356,,
356,"PARTNER","ADMIRER",1489,,
39,"RIVAL","RIVAL_COMPETITIVE",40,,
39,"RIVAL","RIVAL_ROMANTIC",422,,
40,"PARTNER","ADMIRER",536,,
40,"PARTNER","ADMIRER",700,,
1268,"CARER","CARES_FOR",2467,,
1804,"RIVAL","RIVAL_RELIGION",3681,,
609,"PARTNER","ADMIRER",1273,,
358,"RIVAL","RIVAL_BUSINESS",1737,,
358,"PARTNER","ADMIRER",1788,,
359,"PARTNER","ADMIRER",1629,,
359,"RIVAL","RIVAL_BUSINESS",1736,,
1274,"CARER","CARES_FOR",2468,,
566,"PARTNER","ADMIRER",1275,,
361,"RIVAL","RIVAL_ROMANTIC",550,,
362,"RIVAL","RIVAL_BUSINESS",560,,
1276,"PARTNER","ADMIRER",1784,,
508,"PARTNER","ADMIRER",1277,,
1277,"RIVAL","RIVAL_RELIGION",4437,,
1278,"RIVAL","RIVAL_RELIGION",5184,,
41,"PARTNER","ADMIRER",522,,
41,"RIVAL","RIVAL_BUSINESS",561,,
41,"PARTNER","ADMIRER",682,,
363,"RIVAL","RIVAL_BUSINESS",486,,
1279,"RIVAL","RIVAL_BUSINESS",1536,,
1281,"PARTNER","ADMIRER",1308,,
1281,"RIVAL","RIVAL_RELIGION",4911,,
562,"RIVAL","RIVAL_BUSINESS",1282,,
1283,"PARTNER","ADMIRER",1666,,
3693,"RIVAL","RIVAL_RELIGION",4824,,
364,"PARTNER","ADMIRER",719,,
364,"PARTNER","ADMIRER",751,,
364,"RIVAL","RIVAL_RELIGION",4502,,
365,"PARTNER","ADMIRER",458,,
89,"PARTNER","ADMIRER",365,,
365,"RIVAL","RIVAL_RELIGION",4812,,
42,"PARTNER","ADMIRER",382,,
42,"PARTNER","ADMIRER",395,,
42,"RIVAL","RIVAL_BUSINESS",1407,,
438,"RIVAL","RIVAL_BUSINESS",1285,,
54,"RIVAL","RIVAL_BUSINESS",1286,,
3721,"RIVAL","RIVAL_RELIGION",7566,,
1287,"PARTNER","ADMIRER",1318,,
366,"PARTNER","ADMIRER",537,,
366,"PARTNER","ADMIRER",701,,
1288,"RIVAL","RIVAL_BUSINESS",1780,,
367,"CARER","CARES_FOR",2470,,
367,"CARER","CARES_FOR",2471,,
43,"RIVAL","RIVAL_BUSINESS",1500,,
1292,"CARER","CARES_FOR",2472,,
1293,"PARTNER","ADMIRER",1547,,
1293,"RIVAL","RIVAL_RELIGION",5229,,
490,"PARTNER","ADMIRER",1296,,
1297,"PARTNER","ADMIRER",1891,,
368,"PARTNER","ADMIRER",515,,
368,"PARTNER","ADMIRER",633,,
53,"RIVAL","RIVAL_ROMANTIC",369,,
369,"RIVAL","RIVAL_RELIGION",4604,,
370,"RIVAL","RIVAL_ROMANTIC",525,,
3746,"RIVAL","RIVAL_RELIGION",4087,,
372,"CARER","CARES_FOR",2473,,
372,"CARER","CARES_FOR",2474,,
1301,"PARTNER","ADMIRER",2209,,
1302,"PARTNER","AFFAIR",1334,,
373,"PARTNER","ADMIRER",374,,
373,"PARTNER","ADMIRER",376,,
374,"RIVAL","RIVAL_ROMANTIC",376,,
3755,"RIVAL","RIVAL_RELIGION",7215,,
1303,"PARTNER","AFFAIR",1316,,
1304,"RIVAL","RIVAL_BUSINESS",1513,,
1305,"PARTNER","ADMIRER",1948,,
375,"RIVAL","RIVAL_ROMANTIC",693,,
1306,"CARER","CARES_FOR",2475,,
1307,"RIVAL","RIVAL_RELIGION",7184,,
378,"PARTNER","ADMIRER",379,,
44,"PARTNER","ADMIRER",378,,
44,"RIVAL","RIVAL_ROMANTIC",379,,
1309,"RIVAL","RIVAL_COMPETITIVE",1312,,
1310,"RIVAL","RIVAL_COMPETITIVE",1311,,
3765,"RIVAL","RIVAL_RELIGION",4652,,
483,"RIVAL","RIVAL_BUSINESS",1313,,
1314,"RIVAL","RIVAL_BUSINESS",1326,,
3768,"RIVAL","RIVAL_RELIGION",4163,,
1315,"CARER","CARES_FOR",2476,,
380,"RIVAL","RIVAL_BUSINESS",1336,,
380,"PARTNER","ADMIRER",1482,,
381,"PARTNER","ADMIRER",387,,
381,"PARTNER","ADMIRER",412,,
50,"PARTNER","AFFAIR",1317,,
1318,"RIVAL","RIVAL_RELIGION",4981,,
1319,"RIVAL","RIVAL_COMPETITIVE",1320,,
382,"RIVAL","RIVAL_ROMANTIC",395,,
63,"RIVAL","RIVAL_ROMANTIC",383,,
44,"RIVAL","RIVAL_BUSINESS",585,,
384,"RIVAL","RIVAL_ROMANTIC",518,,
1323,"PARTNER","ADMIRER",1716,,
385,"PARTNER","ADMIRER",559,,
385,"PARTNER","ADMIRER",733,,
1325,"CARER","CARES_FOR",2478,,
1327,"PARTNER","ADMIRER",1392,,
45,"RIVAL","RIVAL_COMPETITIVE",46,,
45,"RIVAL","RIVAL_ROMANTIC",85,,
387,"RIVAL","RIVAL_ROMANTIC",412,,
46,"PARTNER","ADMIRER",491,,
46,"PARTNER","ADMIRER",759,,
46,"RIVAL","RIVAL_RELIGION",5585,,
1328,"PARTNER","ADMIRER",1879,,
532,"PARTNER","ADMIRER",1329,,
1329,"RIVAL","RIVAL_RELIGION",5495,,
1330,"RIVAL","RIVAL_BUSINESS",1775,,
3800,"RIVAL","RIVAL_RELIGION",6547,,
1331,"RIVAL","RIVAL_BUSINESS",1776,,
3801,"RIVAL","RIVAL_RELIGION",3918,,
1332,"PARTNER","AFFAIR",2718,,
47,"PARTNER","ADMIRER",583,,
47,"PARTNER","ADMIRER",745,,
56,"RIVAL","RIVAL_BUSINESS",1333,,
388,"PARTNER","ADMIRER",431,,
388,"PARTNER","ADMIRER",520,,
389,"RIVAL","RIVAL_ROMANTIC",568,,
390,"RIVAL","RIVAL_ROMANTIC",485,,
55,"RIVAL","RIVAL_BUSINESS",1335,,
391,"PARTNER","ADMIRER",570,,
391,"PARTNER","ADMIRER",703,,
1337,"RIVAL","RIVAL_COMPETITIVE",1338,,
392,"PARTNER","ADMIRER",451,,
392,"PARTNER","ADMIRER",573,,
1340,"PARTNER","ADMIRER",1751,,
393,"PARTNER","ADMIRER",575,,
393,"PARTNER","ADMIRER",635,,
3820,"RIVAL","RIVAL_RELIGION",5054,,
1341,"CARER","CARES_FOR",2479,,
3821,"RIVAL","RIVAL_RELIGION",6564,,
408,"PARTNER","ADMIRER",1342,,
1343,"PARTNER","ADMIRER",1483,,
68,"RIVAL","RIVAL_ROMANTIC",394,,
48,"CARER","CARES_FOR",2480,,
48,"CARER","CARES_FOR",2481,,
48,"CARER","CARES_FOR",2482,,
1345,"PARTNER","AFFAIR",1642,,
3832,"RIVAL","RIVAL_RELIGION",7135,,
397,"PARTNER","ADMIRER",413,,
397,"PARTNER","ADMIRER",432,,
1347,"RIVAL","RIVAL_COMPETITIVE",1348,,
398,"RIVAL","RIVAL_BUSINESS",1437,,
398,"PARTNER","ADMIRER",1479,,
399,"RIVAL","RIVAL_BUSINESS",1438,,
399,"PARTNER","ADMIRER",1569,,
1351,"RIVAL","RIVAL_BUSINESS",1440,,
58,"RIVAL","RIVAL_BUSINESS",1352,,
1353,"PARTNER","AFFAIR",1961,,
400,"RIVAL","RIVAL_ROMANTIC",615,,
401,"RIVAL","RIVAL_ROMANTIC",754,,
3842,"RIVAL","RIVAL_RELIGION",5181,,
1354,"PARTNER","ADMIRER",2023,,
1355,"PARTNER","AFFAIR",1573,,
1356,"PARTNER","ADMIRER",1714,,
402,"PARTNER","ADMIRER",1605,,
403,"PARTNER","ADMIRER",623,,
403,"PARTNER","ADMIRER",728,,
404,"CARER","CARES_FOR",2483,,
3850,"RIVAL","RIVAL_RELIGION",6694,,
405,"RIVAL","RIVAL_ROMANTIC",606,,
406,"PARTNER","ADMIRER",472,,
69,"PARTNER","ADMIRER",406,,
50,"RIVAL","RIVAL_ROMANTIC",407,,
1359,"PARTNER","ADMIRER",1734,,
1359,"RIVAL","RIVAL_RELIGION",4871,,
59,"RIVAL","RIVAL_ROMANTIC",409,,
410,"PARTNER","ADMIRER",467,,
84,"PARTNER","ADMIRER",410,,
1361,"CARER","CARES_FOR",2484,,
1362,"CARER","CARES_FOR",2485,,
413,"RIVAL","RIVAL_ROMANTIC",432,,
1364,"PARTNER","ADMIRER",1835,,
514,"PARTNER","AFFAIR",1365,,
494,"PARTNER","AFFAIR",1366,,
1367,"RIVAL","RIVAL_COMPETITIVE",1368,,
1371,"RIVAL","RIVAL_BUSINESS",2011,,
1372,"RIVAL","RIVAL_BUSINESS",2012,,
1372,"RIVAL","RIVAL_RELIGION",5290,,
414,"RIVAL","RIVAL_ROMANTIC",437,,
1373,"RIVAL","RIVAL_BUSINESS",1381,,
51,"RIVAL","RIVAL_COMPETITIVE",1375,,
416,"PARTNER","ADMIRER",1861,,
416,"RIVAL","RIVAL_BUSINESS",691,,
1376,"PARTNER","ADMIRER",1614,,
121,"RIVAL","RIVAL_ROMANTIC",417,,
1377,"RIVAL","RIVAL_BUSINESS",2013,,
692,"RIVAL","RIVAL_BUSINESS",1378,,
1378,"RIVAL","RIVAL_RELIGION",7575,,
1380,"RIVAL","RIVAL_BUSINESS",2014,,
2330,"RIVAL","RIVAL_RELIGION",3874,,
419,"RIVAL","RIVAL_ROMANTIC",621,,
1382,"RIVAL","RIVAL_COMPETITIVE",1383,,
421,"RIVAL","RIVAL_ROMANTIC",629,,
1385,"PARTNER","ADMIRER",1409,,
1385,"RIVAL","RIVAL_RELIGION",7541,,
429,"RIVAL","RIVAL_COMPETITIVE",1387,,
423,"PARTNER","ADMIRER",425,,
423,"PARTNER","ADMIRER",433,,
81,"RIVAL","RIVAL_ROMANTIC",424,,
424,"RIVAL","RIVAL_RELIGION",5499,,
425,"RIVAL","RIVAL_ROMANTIC",433,,
52,"RIVAL","RIVAL_COMPETITIVE",1390,,
1390,"RIVAL","RIVAL_RELIGION",1538,,
52,"PARTNER","ADMIRER",482,,
52,"PARTNER","ADMIRER",659,,
88,"RIVAL","RIVAL_ROMANTIC",426,,
427,"RIVAL","RIVAL_ROMANTIC",545,,
61,"PARTNER","ADMIRER",428,,
64,"PARTNER","ADMIRER",428,,
429,"PARTNER","AFFAIR",2717,,
1393,"CARER","CARES_FOR",2487,,
431,"RIVAL","RIVAL_ROMANTIC",520,,
1397,"PARTNER","ADMIRER",1710,,
1399,"RIVAL","RIVAL_BUSINESS",1936,,
1400,"PARTNER","ADMIRER",1476,,
434,"RIVAL","RIVAL_COMPETITIVE",1401,,
434,"PARTNER","ADMIRER",610,,
435,"RIVAL","RIVAL_ROMANTIC",453,,
1402,"PARTNER","ADMIRER",1635,,
1403,"RIVAL","RIVAL_BUSINESS",2248,,
684,"PARTNER","ADMIRER",1404,,
1406,"PARTNER","ADMIRER",1867,,
436,"RIVAL","RIVAL_ROMANTIC",441,,
3919,"RIVAL","RIVAL_RELIGION",6717,,
542,"PARTNER","ADMIRER",1413,,
1414,"RIVAL","RIVAL_COMPETITIVE",1415,,
523,"PARTNER","ADMIRER",1416,,
438,"PARTNER","ADMIRER",1962,,
54,"PARTNER","ADMIRER",444,,
54,"PARTNER","ADMIRER",496,,
1419,"PARTNER","ADMIRER",1683,,
1420,"RIVAL","RIVAL_BUSINESS",1576,,
1421,"PARTNER","ADMIRER",1563,,
1422,"PARTNER","ADMIRER",1997,,
1423,"RIVAL","RIVAL_COMPETITIVE",1424,,
1425,"RIVAL","RIVAL_COMPETITIVE",1426,,
57,"PARTNER","ADMIRER",442,,
60,"PARTNER","ADMIRER",442,,
443,"RIVAL","RIVAL_ROMANTIC",579,,
1427,"RIVAL","RIVAL_COMPETITIVE",1428,,
444,"RIVAL","RIVAL_ROMANTIC",496,,
1429,"PARTNER","ADMIRER",1601,,
78,"RIVAL","RIVAL_ROMANTIC",445,,
553,"PARTNER","ADMIRER",1430,,
55,"PARTNER","ADMIRER",446,,
446,"PARTNER","ADMIRER",487,,
55,"RIVAL","RIVAL_ROMANTIC",487,,
1431,"RIVAL","RIVAL_BUSINESS",2337,,
56,"PARTNER","ADMIRER",528,,
56,"PARTNER","ADMIRER",533,,
447,"PARTNER","ADMIRER",452,,
73,"PARTNER","ADMIRER",447,,
448,"PARTNER","ADMIRER",1735,,
448,"RIVAL","RIVAL_BUSINESS",784,,
1432,"PARTNER","ADMIRER",1733,,
1433,"RIVAL","RIVAL_BUSINESS",1468,,
1434,"CARER","CARES_FOR",2489,,
3961,"RIVAL","RIVAL_RELIGION",4956,,
449,"PARTNER","ADMIRER",686,,
449,"PARTNER","ADMIRER",760,,
57,"RIVAL","RIVAL_ROMANTIC",60,,
58,"PARTNER","ADMIRER",556,,
58,"PARTNER","ADMIRER",662,,
1441,"RIVAL","RIVAL_COMPETITIVE",1443,,
1442,"RIVAL","RIVAL_BUSINESS",1592,,
59,"RIVAL","RIVAL_BUSINESS",1591,,
1444,"PARTNER","ADMIRER",1652,,
699,"PARTNER","ADMIRER",1445,,
60,"RIVAL","RIVAL_COMPETITIVE",450,,
450,"PARTNER","ADMIRER",1449,,
1446,"PARTNER","ADMIRER",1633,,
451,"RIVAL","RIVAL_ROMANTIC",573,,
527,"PARTNER","ADMIRER",1448,,
61,"RIVAL","RIVAL_ROMANTIC",64,,
1451,"PARTNER","ADMIRER",1838,,
73,"RIVAL","RIVAL_ROMANTIC",452,,
1452,"RIVAL","RIVAL_COMPETITIVE",1453,,
1454,"CARER","CARES_FOR",2490,,
1455,"RIVAL","RIVAL_COMPETITIVE",1456,,
1457,"PARTNER","ADMIRER",2099,,
1458,"PARTNER","ADMIRER",1484,,
1459,"PARTNER","ADMIRER",1653,,
455,"RIVAL","RIVAL_ROMANTIC",642,,
1460,"PARTNER","ADMIRER",2246,,
1461,"RIVAL","RIVAL_COMPETITIVE",1462,,
456,"RIVAL","RIVAL_ROMANTIC",744,,
89,"RIVAL","RIVAL_ROMANTIC",458,,
1463,"PARTNER","AFFAIR",2715,,
1464,"CARER","CARES_FOR",2491,,
1464,"RIVAL","RIVAL_RELIGION",7584,,
484,"PARTNER","AFFAIR",1466,,
1467,"RIVAL","RIVAL_BUSINESS",1613,,
1467,"RIVAL","RIVAL_RELIGION",1676,,
1469,"PARTNER","ADMIRER",1621,,
1470,"RIVAL","RIVAL_BUSINESS",1612,,
1471,"RIVAL","RIVAL_BUSINESS",1611,,
459,"RIVAL","RIVAL_ROMANTIC",581,,
62,"RIVAL","RIVAL_COMPETITIVE",63,,
62,"PARTNER","ADMIRER",586,,
62,"PARTNER","ADMIRER",664,,
1472,"PARTNER","ADMIRER",1518,,
74,"PARTNER","ADMIRER",460,,
76,"PARTNER","ADMIRER",460,,
1474,"PARTNER","ADMIRER",2344,,
750,"PARTNER","ADMIRER",1475,,
1475,"RIVAL","RIVAL_RELIGION",7267,,
4008,"RIVAL","RIVAL_RELIGION",4391,,
1477,"PARTNER","ADMIRER",1801,,
462,"RIVAL","RIVAL_COMPETITIVE",463,,
462,"PARTNER","ADMIRER",1742,,
463,"PARTNER","ADMIRER",766,,
64,"RIVAL","RIVAL_COMPETITIVE",65,,
65,"RIVAL","RIVAL_ROMANTIC",617,,
66,"PARTNER","ADMIRER",503,,
66,"PARTNER","ADMIRER",91,,
1481,"CARER","CARES_FOR",2494,,
465,"PARTNER","ADMIRER",1750,,
466,"PARTNER","ADMIRER",634,,
466,"PARTNER","ADMIRER",724,,
84,"RIVAL","RIVAL_ROMANTIC",467,,
468,"RIVAL","RIVAL_COMPETITIVE",469,,
468,"PARTNER","ADMIRER",1829,,
1485,"PARTNER","ADMIRER",2151,,
67,"RIVAL","RIVAL_COMPETITIVE",470,,
67,"RIVAL","RIVAL_ROMANTIC",781,,
470,"PARTNER","ADMIRER",1912,,
1486,"PARTNER","ADMIRER",1834,,
69,"RIVAL","RIVAL_ROMANTIC",472,,
104,"PARTNER","ADMIRER",473,,
473,"PARTNER","ADMIRER",761,,
1489,"RIVAL","RIVAL_RELIGION",7399,,
474,"RIVAL","RIVAL_ROMANTIC",504,,
4025,"RIVAL","RIVAL_RELIGION",6935,,
1490,"RIVAL","RIVAL_COMPETITIVE",1491,,
799,"RIVAL","RIVAL_RELIGION",1492,,
475,"PARTNER","ADMIRER",603,,
475,"PARTNER","ADMIRER",636,,
1493,"CARER","CARES_FOR",2495,,
1494,"CARER","CARES_FOR",2496,,
1494,"RIVAL","RIVAL_RELIGION",6655,,
2750,"RIVAL","RIVAL_RELIGION",4046,,
1495,"RIVAL","RIVAL_COMPETITIVE",1496,,
1497,"CARER","CARES_FOR",2497,,
507,"RIVAL","RIVAL_BUSINESS",1498,,
1499,"PARTNER","ADMIRER",1848,,
1502,"RIVAL","RIVAL_COMPETITIVE",1503,,
476,"PARTNER","ADMIRER",658,,
476,"PARTNER","ADMIRER",721,,
1504,"PARTNER","AFFAIR",2719,,
477,"PARTNER","ADMIRER",509,,
477,"PARTNER","ADMIRER",551,,
1505,"RIVAL","RIVAL_RELIGION",4757,,
1506,"PARTNER","ADMIRER",1530,,
1507,"PARTNER","ADMIRER",1833,,
478,"PARTNER","ADMIRER",535,,
478,"PARTNER","ADMIRER",582,,
1509,"PARTNER","ADMIRER",1798,,
117,"RIVAL","RIVAL_BUSINESS",1510,,
479,"PARTNER","AFFAIR",1717,,
92,"RIVAL","RIVAL_BUSINESS",479,,
1512,"RIVAL","RIVAL_BUSINESS",1785,,
1512,"RIVAL","RIVAL_RELIGION",7574,,
1514,"CARER","CARES_FOR",2498,,
1516,"PARTNER","ADMIRER",2075,,
481,"RIVAL","RIVAL_ROMANTIC",577,,
482,"RIVAL","RIVAL_ROMANTIC",659,,
1517,"PARTNER","ADMIRER",2261,,
484,"RIVAL","RIVAL_BUSINESS",1965,,
792,"PARTNER","ADMIRER",1520,,
1521,"PARTNER","ADMIRER",1802,,
1522,"PARTNER","ADMIRER",1769,,
1615,"RIVAL","RIVAL_RELIGION",4088,,
1523,"RIVAL","RIVAL_BUSINESS",1786,,
1524,"PARTNER","AFFAIR",2716,,
1525,"RIVAL","RIVAL_BUSINESS",1526,,
619,"PARTNER","AFFAIR",1527,,
69,"RIVAL","RIVAL_COMPETITIVE",1528,,
70,"PARTNER","ADMIRER",574,,
70,"PARTNER","ADMIRER",106,,
89,"RIVAL","RIVAL_BUSINESS",1531,,
71,"RIVAL","RIVAL_BUSINESS",1532,,
1533,"RIVAL","RIVAL_COMPETITIVE",1534,,
1535,"PARTNER","ADMIRER",1546,,
486,"PARTNER","ADMIRER",2120,,
1537,"PARTNER","ADMIRER",1606,,
76,"RIVAL","RIVAL_BUSINESS",1538,,
1539,"CARER","CARES_FOR",2499,,
1540,"RIVAL","RIVAL_BUSINESS",1541,,
71,"PARTNER","ADMIRER",530,,
71,"PARTNER","ADMIRER",758,,
1644,"RIVAL","RIVAL_RELIGION",4106,,
488,"RIVAL","RIVAL_BUSINESS",1542,,
1543,"CARER","CARES_FOR",2500,,
1544,"RIVAL","RIVAL_COMPETITIVE",1545,,
1548,"PARTNER","ADMIRER",1991,,
488,"PARTNER","AFFAIR",2723,,
72,"CARER","CARES_FOR",2501,,
72,"CARER","CARES_FOR",2502,,
72,"PARTNER","AFFAIR",1603,,
1549,"RIVAL","RIVAL_COMPETITIVE",1550,,
4113,"RIVAL","RIVAL_RELIGION",5068,,
1551,"RIVAL","RIVAL_COMPETITIVE",1552,,
1553,"RIVAL","RIVAL_COMPETITIVE",1554,,
1555,"CARER","CARES_FOR",2504,,
74,"RIVAL","RIVAL_COMPETITIVE",489,,
489,"PARTNER","ADMIRER",782,,
73,"RIVAL","RIVAL_BUSINESS",1609,,
491,"RIVAL","RIVAL_ROMANTIC",759,,
492,"RIVAL","RIVAL_ROMANTIC",762,,
1558,"RIVAL","RIVAL_RELIGION",4780,,
74,"RIVAL","RIVAL_ROMANTIC",76,,
1560,"RIVAL","RIVAL_COMPETITIVE",1561,,
1562,"PARTNER","ADMIRER",2019,,
493,"RIVAL","RIVAL_BUSINESS",532,,
1565,"PARTNER","ADMIRER",1699,,
494,"RIVAL","RIVAL_COMPETITIVE",1566,,
495,"CARER","CARES_FOR",2506,,
495,"CARER","CARES_FOR",2507,,
4165,"RIVAL","RIVAL_RELIGION",7562,,
497,"PARTNER","ADMIRER",612,,
124,"PARTNER","ADMIRER",497,,
498,"PARTNER","ADMIRER",580,,
498,"PARTNER","ADMIRER",670,,
499,"RIVAL","RIVAL_ROMANTIC",734,,
1568,"PARTNER","ADMIRER",1578,,
1570,"PARTNER","ADMIRER",2214,,
1571,"PARTNER","ADMIRER",2021,,
1571,"RIVAL","RIVAL_RELIGION",4382,,
4169,"RIVAL","RIVAL_RELIGION",4259,,
1574,"CARER","CARES_FOR",2509,,
78,"RIVAL","RIVAL_BUSINESS",1575,,
1577,"CARER","CARES_FOR",2511,,
500,"PARTNER","ADMIRER",597,,
500,"PARTNER","ADMIRER",638,,
501,"PARTNER","ADMIRER",1779,,
501,"RIVAL","RIVAL_BUSINESS",1799,,
502,"PARTNER","ADMIRER",677,,
502,"PARTNER","ADMIRER",767,,
1579,"PARTNER","ADMIRER",1956,,
578,"PARTNER","ADMIRER",1580,,
91,"RIVAL","RIVAL_ROMANTIC",503,,
1581,"RIVAL","RIVAL_BUSINESS",1584,,
1582,"PARTNER","ADMIRER",1874,,
1583,"PARTNER","AFFAIR",2706,,
506,"PARTNER","AFFAIR",2712,,
506,"CARER","CARES_FOR",2512,,
4198,"RIVAL","RIVAL_RELIGION",4912,,
508,"RIVAL","RIVAL_BUSINESS",1585,,
1587,"PARTNER","ADMIRER",2107,,
507,"PARTNER","ADMIRER",651,,
1588,"RIVAL","RIVAL_COMPETITIVE",1589,,
1589,"RIVAL","RIVAL_RELIGION",4632,,
509,"RIVAL","RIVAL_ROMANTIC",551,,
4213,"RIVAL","RIVAL_RELIGION",4941,,
1590,"CARER","CARES_FOR",2514,,
1590,"RIVAL","RIVAL_RELIGION",5461,,
1593,"RIVAL","RIVAL_COMPETITIVE",1595,,
1594,"RIVAL","RIVAL_BUSINESS",1816,,
1596,"RIVAL","RIVAL_COMPETITIVE",1597,,
1596,"RIVAL","RIVAL_RELIGION",4283,,
510,"RIVAL","RIVAL_COMPETITIVE",1598,,
510,"PARTNER","AFFAIR",1718,,
1599,"CARER","CARES_FOR",2515,,
1600,"CARER","CARES_FOR",2517,,
4234,"RIVAL","RIVAL_RELIGION",4503,,
4235,"RIVAL","RIVAL_RELIGION",7491,,
1602,"CARER","CARES_FOR",2518,,
511,"PARTNER","AFFAIR",2731,,
511,"RIVAL","RIVAL_BUSINESS",1702,,
511,"RIVAL","RIVAL_RELIGION",7524,,
102,"PARTNER","ADMIRER",512,,
512,"PARTNER","ADMIRER",668,,
513,"PARTNER","ADMIRER",602,,
513,"PARTNER","ADMIRER",740,,
514,"RIVAL","RIVAL_COMPETITIVE",1607,,
1608,"PARTNER","AFFAIR",1636,,
1610,"PARTNER","AFFAIR",2741,,
1615,"PARTNER","ADMIRER",1944,,
2099,"RIVAL","RIVAL_RELIGION",4261,,
1616,"CARER","CARES_FOR",2520,,
4265,"RIVAL","RIVAL_RELIGION",7784,,
610,"RIVAL","RIVAL_BUSINESS",1617,,
4266,"RIVAL","RIVAL_RELIGION",5215,,
1619,"RIVAL","RIVAL_BUSINESS",2286,,
1620,"PARTNER","ADMIRER",1794,,
515,"RIVAL","RIVAL_ROMANTIC",633,,
516,"PARTNER","ADMIRER",672,,
516,"PARTNER","ADMIRER",697,,
75,"PARTNER","ADMIRER",90,,
75,"PARTNER","ADMIRER",107,,
1622,"RIVAL","RIVAL_RELIGION",2219,,
1624,"PARTNER","ADMIRER",1863,,
1624,"RIVAL","RIVAL_RELIGION",6830,,
1626,"RIVAL","RIVAL_COMPETITIVE",1627,,
519,"PARTNER","ADMIRER",611,,
519,"PARTNER","ADMIRER",685,,
1628,"PARTNER","ADMIRER",1668,,
1630,"PARTNER","ADMIRER",1859,,
1631,"PARTNER","ADMIRER",1873,,
521,"CARER","CARES_FOR",2521,,
521,"CARER","CARES_FOR",2522,,
1633,"RIVAL","RIVAL_RELIGION",5302,,
77,"CARER","CARES_FOR",2523,,
1634,"CARER","CARES_FOR",2524,,
522,"RIVAL","RIVAL_ROMANTIC",682,,
100,"RIVAL","RIVAL_BUSINESS",523,,
1636,"RIVAL","RIVAL_RELIGION",6676,,
524,"PARTNER","ADMIRER",594,,
108,"PARTNER","ADMIRER",524,,
1638,"PARTNER","AFFAIR",1753,,
656,"RIVAL","RIVAL_BUSINESS",1639,,
1639,"RIVAL","RIVAL_RELIGION",6682,,
1640,"RIVAL","RIVAL_BUSINESS",1902,,
1641,"PARTNER","ADMIRER",2132,,
1643,"CARER","CARES_FOR",2525,,
104,"RIVAL","RIVAL_BUSINESS",1644,,
1645,"CARER","CARES_FOR",2526,,
79,"RIVAL","RIVAL_COMPETITIVE",80,,
79,"PARTNER","ADMIRER",595,,
79,"PARTNER","ADMIRER",739,,
80,"PARTNER","ADMIRER",596,,
80,"PARTNER","ADMIRER",118,,
691,"PARTNER","ADMIRER",1647,,
1648,"CARER","CARES_FOR",2527,,
86,"PARTNER","ADMIRER",526,,
103,"PARTNER","ADMIRER",526,,
1649,"PARTNER","ADMIRER",1767,,
527,"RIVAL","RIVAL_COMPETITIVE",1650,,
1651,"PARTNER","ADMIRER",1917,,
1651,"RIVAL","RIVAL_RELIGION",6407,,
528,"RIVAL","RIVAL_ROMANTIC",533,,
529,"PARTNER","ADMIRER",534,,
529,"PARTNER","ADMIRER",539,,
530,"RIVAL","RIVAL_ROMANTIC",758,,
1654,"CARER","CARES_FOR",2530,,
531,"PARTNER","ADMIRER",652,,
601,"PARTNER","ADMIRER",1657,,
1658,"PARTNER","ADMIRER",2118,,
1659,"RIVAL","RIVAL_COMPETITIVE",1660,,
1661,"CARER","CARES_FOR",2531,,
646,"RIVAL","RIVAL_BUSINESS",1662,,
81,"RIVAL","RIVAL_BUSINESS",1814,,
1663,"CARER","CARES_FOR",2532,,
1664,"RIVAL","RIVAL_COMPETITIVE",1665,,
82,"CARER","CARES_FOR",2534,,
82,"CARER","CARES_FOR",2535,,
82,"PARTNER","AFFAIR",1807,,
534,"RIVAL","RIVAL_ROMANTIC",539,,
535,"RIVAL","RIVAL_ROMANTIC",582,,
536,"RIVAL","RIVAL_ROMANTIC",700,,
536,"RIVAL","RIVAL_RELIGION",7013,,
83,"CARER","CARES_FOR",2536,,
83,"CARER","CARES_FOR",2537,,
83,"CARER","CARES_FOR",2538,,
663,"PARTNER","ADMIRER",1667,,
537,"RIVAL","RIVAL_ROMANTIC",701,,
1669,"CARER","CARES_FOR",2539,,
538,"CARER","CARES_FOR",2540,,
538,"RIVAL","RIVAL_COMPETITIVE",1670,,
1671,"CARER","CARES_FOR",2541,,
1672,"PARTNER","ADMIRER",1937,,
1673,"RIVAL","RIVAL_BUSINESS",1678,,
1674,"CARER","CARES_FOR",2543,,
1675,"RIVAL","RIVAL_COMPETITIVE",1676,,
2078,"RIVAL","RIVAL_RELIGION",4362,,
1677,"PARTNER","AFFAIR",1730,,
1679,"RIVAL","RIVAL_COMPETITIVE",1680,,
1681,"RIVAL","RIVAL_BUSINESS",2006,,
84,"RIVAL","RIVAL_COMPETITIVE",1687,,
4373,"RIVAL","RIVAL_RELIGION",5542,,
1682,"RIVAL","RIVAL_BUSINESS",2007,,
540,"PARTNER","ADMIRER",618,,
540,"PARTNER","ADMIRER",753,,
122,"PARTNER","ADMIRER",541,,
541,"PARTNER","ADMIRER",785,,
541,"RIVAL","RIVAL_RELIGION",5584,,
110,"RIVAL","RIVAL_BUSINESS",542,,
1684,"RIVAL","RIVAL_BUSINESS",2010,,
1685,"RIVAL","RIVAL_BUSINESS",2276,,
690,"RIVAL","RIVAL_BUSINESS",1686,,
543,"RIVAL","RIVAL_COMPETITIVE",1688,,
1689,"PARTNER","ADMIRER",1990,,
649,"PARTNER","ADMIRER",1690,,
123,"PARTNER","ADMIRER",544,,
132,"PARTNER","ADMIRER",544,,
1693,"RIVAL","RIVAL_COMPETITIVE",1694,,
1695,"RIVAL","RIVAL_COMPETITIVE",1696,,
4386,"RIVAL","RIVAL_RELIGION",6591,,
1697,"PARTNER","AFFAIR",2033,,
1698,"PARTNER","ADMIRER",1782,,
1700,"RIVAL","RIVAL_COMPETITIVE",1701,,
1703,"CARER","CARES_FOR",2544,,
1704,"RIVAL","RIVAL_COMPETITIVE",1705,,
101,"PARTNER","ADMIRER",546,,
546,"PARTNER","ADMIRER",694,,
547,"RIVAL","RIVAL_COMPETITIVE",548,,
1706,"PARTNER","ADMIRER",1964,,
548,"PARTNER","ADMIRER",791,,
549,"PARTNER","ADMIRER",704,,
549,"PARTNER","ADMIRER",749,,
134,"RIVAL","RIVAL_RELIGION",549,,
1707,"RIVAL","RIVAL_BUSINESS",1715,,
612,"RIVAL","RIVAL_RELIGION",4397,,
1708,"CARER","CARES_FOR",2545,,
613,"RIVAL","RIVAL_BUSINESS",1709,,
1711,"RIVAL","RIVAL_BUSINESS",1940,,
1712,"RIVAL","RIVAL_RELIGION",5275,,
1713,"PARTNER","ADMIRER",2106,,
1718,"RIVAL","RIVAL_RELIGION",4916,,
95,"PARTNER","ADMIRER",552,,
97,"PARTNER","ADMIRER",552,,
1719,"RIVAL","RIVAL_BUSINESS",2105,,
1720,"PARTNER","AFFAIR",1837,,
663,"RIVAL","RIVAL_BUSINESS",1722,,
553,"RIVAL","RIVAL_COMPETITIVE",554,,
554,"PARTNER","ADMIRER",2247,,
1723,"RIVAL","RIVAL_COMPETITIVE",1724,,
555,"PARTNER","ADMIRER",645,,
555,"PARTNER","ADMIRER",737,,
1725,"PARTNER","ADMIRER",2035,,
2,"CARER","CARES_FOR",2548,,
2,"CARER","CARES_FOR",2549,,
2,"CARER","CARES_FOR",2550,,
2,"RIVAL","RIVAL_COMPETITIVE",1726,,
560,"PARTNER","ADMIRER",1727,,
1728,"RIVAL","RIVAL_BUSINESS",1941,,
556,"RIVAL","RIVAL_ROMANTIC",662,,
85,"RIVAL","RIVAL_COMPETITIVE",557,,
557,"PARTNER","ADMIRER",2191,,
1729,"CARER","CARES_FOR",2551,,
1731,"RIVAL","RIVAL_COMPETITIVE",1732,,
86,"RIVAL","RIVAL_COMPETITIVE",558,,
558,"PARTNER","ADMIRER",2158,,
86,"RIVAL","RIVAL_ROMANTIC",103,,
86,"RIVAL","RIVAL_RELIGION",4551,,
559,"RIVAL","RIVAL_ROMANTIC",733,,
561,"PARTNER","ADMIRER",2262,,
562,"PARTNER","ADMIRER",2210,,
563,"PARTNER","ADMIRER",2067,,
563,"RIVAL","RIVAL_BUSINESS",716,,
665,"PARTNER","ADMIRER",1738,,
564,"PARTNER","ADMIRER",666,,
128,"PARTNER","ADMIRER",564,,
1848,"RIVAL","RIVAL_RELIGION",4447,,
565,"RIVAL","RIVAL_COMPETITIVE",566,,
565,"PARTNER","AFFAIR",1858,,
567,"RIVAL","RIVAL_COMPETITIVE",569,,
567,"PARTNER","ADMIRER",650,,
569,"PARTNER","ADMIRER",2049,,
570,"RIVAL","RIVAL_ROMANTIC",703,,
571,"PARTNER","ADMIRER",631,,
571,"PARTNER","ADMIRER",632,,
572,"RIVAL","RIVAL_BUSINESS",1850,,
572,"PARTNER","ADMIRER",729,,
1740,"CARER","CARES_FOR",2552,,
1741,"PARTNER","ADMIRER",2155,,
1743,"CARER","CARES_FOR",2553,,
1744,"PARTNER","ADMIRER",1946,,
106,"RIVAL","RIVAL_ROMANTIC",574,,
1746,"PARTNER","AFFAIR",2747,,
1746,"RIVAL","RIVAL_RELIGION",6552,,
1747,"PARTNER","ADMIRER",1883,,
622,"PARTNER","ADMIRER",1748,,
2695,"RIVAL","RIVAL_RELIGION",4467,,
1749,"RIVAL","RIVAL_BUSINESS",1789,,
575,"RIVAL","RIVAL_ROMANTIC",635,,
576,"PARTNER","ADMIRER",640,,
576,"PARTNER","ADMIRER",676,,
1754,"RIVAL","RIVAL_BUSINESS",2058,,
88,"RIVAL","RIVAL_BUSINESS",2059,,
1755,"RIVAL","RIVAL_COMPETITIVE",1756,,
1757,"RIVAL","RIVAL_BUSINESS",1877,,
90,"RIVAL","RIVAL_COMPETITIVE",578,,
90,"RIVAL","RIVAL_ROMANTIC",107,,
1758,"PARTNER","ADMIRER",1972,,
580,"RIVAL","RIVAL_ROMANTIC",670,,
1760,"RIVAL","RIVAL_COMPETITIVE",1761,,
1762,"CARER","CARES_FOR",2555,,
583,"RIVAL","RIVAL_ROMANTIC",745,,
111,"PARTNER","ADMIRER",584,,
584,"PARTNER","ADMIRER",790,,
1763,"PARTNER","ADMIRER",2275,,
1764,"RIVAL","RIVAL_BUSINESS",2161,,
738,"RIVAL","RIVAL_BUSINESS",1765,,
1766,"CARER","CARES_FOR",2557,,
1768,"PARTNER","ADMIRER",2159,,
1770,"RIVAL","RIVAL_BUSINESS",1823,,
1771,"PARTNER","ADMIRER",1805,,
709,"PARTNER","ADMIRER",1772,,
94,"RIVAL","RIVAL_BUSINESS",1773,,
4499,"RIVAL","RIVAL_RELIGION",5058,,
585,"PARTNER","AFFAIR",2091,,
2123,"RIVAL","RIVAL_RELIGION",4501,,
1774,"RIVAL","RIVAL_BUSINESS",2162,,
742,"RIVAL","RIVAL_BUSINESS",1777,,
586,"RIVAL","RIVAL_ROMANTIC",664,,
1778,"PARTNER","ADMIRER",2050,,
587,"PARTNER","ADMIRER",588,,
93,"PARTNER","ADMIRER",587,,
1783,"PARTNER","ADMIRER",2142,,
1787,"RIVAL","RIVAL_BUSINESS",1952,,
93,"RIVAL","RIVAL_ROMANTIC",588,,
91,"RIVAL","RIVAL_BUSINESS",1953,,
93,"RIVAL","RIVAL_COMPETITIVE",1793,,
1790,"RIVAL","RIVAL_COMPETITIVE",1791,,
1792,"CARER","CARES_FOR",2561,,
105,"PARTNER","ADMIRER",589,,
119,"PARTNER","ADMIRER",589,,
590,"CARER","CARES_FOR",2562,,
590,"PARTNER","AFFAIR",1866,,
98,"PARTNER","ADMIRER",591,,
591,"PARTNER","ADMIRER",648,,
592,"RIVAL","RIVAL_COMPETITIVE",1795,,
592,"PARTNER","ADMIRER",2082,,
593,"CARER","CARES_FOR",2563,,
593,"RIVAL","RIVAL_COMPETITIVE",1796,,
108,"RIVAL","RIVAL_ROMANTIC",594,,
1797,"PARTNER","ADMIRER",2117,,
1798,"RIVAL","RIVAL_RELIGION",7679,,
1800,"RIVAL","RIVAL_BUSINESS",1878,,
595,"RIVAL","RIVAL_ROMANTIC",739,,
1803,"PARTNER","ADMIRER",2184,,
1804,"PARTNER","ADMIRER",1909,,
1806,"PARTNER","ADMIRER",1970,,
1808,"RIVAL","RIVAL_BUSINESS",2065,,
118,"RIVAL","RIVAL_ROMANTIC",596,,
1809,"PARTNER","ADMIRER",2299,,
1810,"PARTNER","ADMIRER",2302,,
1811,"PARTNER","ADMIRER",2169,,
1812,"RIVAL","RIVAL_BUSINESS",1898,,
597,"RIVAL","RIVAL_ROMANTIC",638,,
598,"PARTNER","ADMIRER",616,,
99,"PARTNER","ADMIRER",598,,
598,"RIVAL","RIVAL_RELIGION",6900,,
652,"RIVAL","RIVAL_BUSINESS",1813,,
599,"CARER","CARES_FOR",2566,,
599,"PARTNER","AFFAIR",1817,,
4547,"RIVAL","RIVAL_RELIGION",6473,,
1815,"PARTNER","ADMIRER",2300,,
600,"CARER","CARES_FOR",2567,,
600,"CARER","CARES_FOR",2568,,
1817,"RIVAL","RIVAL_RELIGION",5323,,
4569,"RIVAL","RIVAL_RELIGION",7307,,
1818,"CARER","CARES_FOR",2569,,
601,"RIVAL","RIVAL_BUSINESS",1906,,
602,"RIVAL","RIVAL_ROMANTIC",740,,
603,"RIVAL","RIVAL_ROMANTIC",636,,
1819,"PARTNER","ADMIRER",1840,,
604,"PARTNER","ADMIRER",708,,
604,"PARTNER","ADMIRER",772,,
94,"PARTNER","ADMIRER",673,,
94,"PARTNER","ADMIRER",780,,
1820,"RIVAL","RIVAL_COMPETITIVE",1821,,
605,"RIVAL","RIVAL_COMPETITIVE",1822,,
605,"PARTNER","AFFAIR",1975,,
657,"RIVAL","RIVAL_BUSINESS",1824,,
1825,"RIVAL","RIVAL_BUSINESS",1914,,
1826,"PARTNER","AFFAIR",2115,,
95,"RIVAL","RIVAL_ROMANTIC",97,,
95,"RIVAL","RIVAL_BUSINESS",2038,,
1827,"PARTNER","AFFAIR",2199,,
607,"RIVAL","RIVAL_COMPETITIVE",1828,,
607,"PARTNER","AFFAIR",2759,,
660,"RIVAL","RIVAL_BUSINESS",1830,,
96,"RIVAL","RIVAL_COMPETITIVE",608,,
96,"PARTNER","ADMIRER",667,,
96,"PARTNER","ADMIRER",683,,
608,"PARTNER","ADMIRER",2137,,
608,"RIVAL","RIVAL_RELIGION",7500,,
1831,"PARTNER","AFFAIR",1870,,
97,"RIVAL","RIVAL_COMPETITIVE",1832,,
609,"RIVAL","RIVAL_BUSINESS",1931,,
611,"RIVAL","RIVAL_ROMANTIC",685,,
98,"RIVAL","RIVAL_ROMANTIC",648,,
98,"RIVAL","RIVAL_BUSINESS",2079,,
98,"RIVAL","RIVAL_RELIGION",5657,,
4588,"RIVAL","RIVAL_RELIGION",7212,,
124,"RIVAL","RIVAL_ROMANTIC",612,,
613,"PARTNER","ADMIRER",2177,,
614,"CARER","CARES_FOR",2571,,
614,"CARER","CARES_FOR",2572,,
614,"RIVAL","RIVAL_RELIGION",752,,
1839,"CARER","CARES_FOR",2573,,
99,"RIVAL","RIVAL_ROMANTIC",616,,
1841,"CARER","CARES_FOR",2574,,
1842,"RIVAL","RIVAL_BUSINESS",2130,,
1844,"PARTNER","ADMIRER",2293,,
618,"RIVAL","RIVAL_ROMANTIC",753,,
619,"RIVAL","RIVAL_COMPETITIVE",1845,,
620,"RIVAL","RIVAL_BUSINESS",2131,,
620,"PARTNER","ADMIRER",2147,,
116,"RIVAL","RIVAL_BUSINESS",622,,
2717,"RIVAL","RIVAL_RELIGION",4613,,
1846,"PARTNER","ADMIRER",1995,,
623,"RIVAL","RIVAL_ROMANTIC",728,,
625,"PARTNER","ADMIRER",1847,,
624,"RIVAL","RIVAL_BUSINESS",1960,,
624,"PARTNER","ADMIRER",722,,
1849,"PARTNER","ADMIRER",2000,,
625,"RIVAL","RIVAL_BUSINESS",2041,,
4629,"RIVAL","RIVAL_RELIGION",7090,,
626,"CARER","CARES_FOR",2578,,
626,"PARTNER","AFFAIR",1895,,
1851,"RIVAL","RIVAL_COMPETITIVE",1852,,
99,"RIVAL","RIVAL_BUSINESS",1963,,
113,"PARTNER","ADMIRER",627,,
627,"PARTNER","ADMIRER",786,,
1853,"PARTNER","ADMIRER",2203,,
628,"PARTNER","ADMIRER",688,,
628,"PARTNER","ADMIRER",730,,
1854,"PARTNER","ADMIRER",2136,,
101,"RIVAL","RIVAL_COMPETITIVE",630,,
630,"PARTNER","ADMIRER",689,,
1855,"PARTNER","AFFAIR",1882,,
1856,"RIVAL","RIVAL_COMPETITIVE",1857,,
631,"RIVAL","RIVAL_ROMANTIC",632,,
101,"RIVAL","RIVAL_ROMANTIC",694,,
102,"RIVAL","RIVAL_BUSINESS",637,,
102,"RIVAL","RIVAL_ROMANTIC",668,,
1860,"CARER","CARES_FOR",2579,,
4642,"RIVAL","RIVAL_RELIGION",6779,,
1862,"PARTNER","ADMIRER",2301,,
634,"RIVAL","RIVAL_ROMANTIC",724,,
680,"PARTNER","AFFAIR",1864,,
1865,"CARER","CARES_FOR",2580,,
1868,"PARTNER","ADMIRER",2056,,
1868,"RIVAL","RIVAL_RELIGION",1980,,
637,"PARTNER","ADMIRER",2208,,
4647,"RIVAL","RIVAL_RELIGION",5638,,
1869,"CARER","CARES_FOR",2582,,
639,"RIVAL","RIVAL_BUSINESS",1930,,
639,"PARTNER","ADMIRER",714,,
1871,"RIVAL","RIVAL_BUSINESS",1929,,
4655,"RIVAL","RIVAL_RELIGION",4835,,
1872,"PARTNER","ADMIRER",1950,,
640,"RIVAL","RIVAL_ROMANTIC",676,,
1875,"PARTNER","ADMIRER",2326,,
692,"PARTNER","ADMIRER",1876,,
641,"PARTNER","ADMIRER",669,,
641,"PARTNER","ADMIRER",726,,
1879,"RIVAL","RIVAL_RELIGION",1905,,
1881,"RIVAL","RIVAL_BUSINESS",2051,,
678,"RIVAL","RIVAL_BUSINESS",1884,,
643,"RIVAL","RIVAL_BUSINESS",680,,
643,"PARTNER","ADMIRER",2205,,
1885,"RIVAL","RIVAL_COMPETITIVE",1886,,
644,"RIVAL","RIVAL_COMPETITIVE",1887,,
644,"PARTNER","ADMIRER",2313,,
678,"PARTNER","ADMIRER",1888,,
645,"RIVAL","RIVAL_ROMANTIC",737,,
1889,"CARER","CARES_FOR",2584,,
1890,"RIVAL","RIVAL_BUSINESS",1993,,
684,"RIVAL","RIVAL_BUSINESS",1892,,
646,"PARTNER","ADMIRER",1939,,
2339,"RIVAL","RIVAL_RELIGION",4701,,
1894,"CARER","CARES_FOR",2585,,
1895,"RIVAL","RIVAL_RELIGION",6370,,
103,"RIVAL","RIVAL_COMPETITIVE",647,,
647,"PARTNER","ADMIRER",2121,,
649,"RIVAL","RIVAL_BUSINESS",1998,,
4705,"RIVAL","RIVAL_RELIGION",6707,,
4707,"RIVAL","RIVAL_RELIGION",6396,,
1896,"RIVAL","RIVAL_COMPETITIVE",1899,,
1897,"CARER","CARES_FOR",2586,,
650,"RIVAL","RIVAL_COMPETITIVE",651,,
650,"RIVAL","RIVAL_RELIGION",2087,,
1900,"CARER","CARES_FOR",2587,,
1901,"CARER","CARES_FOR",2588,,
1903,"PARTNER","ADMIRER",2061,,
653,"PARTNER","ADMIRER",2202,,
653,"RIVAL","RIVAL_BUSINESS",2229,,
735,"PARTNER","ADMIRER",1904,,
1905,"PARTNER","ADMIRER",2320,,
784,"PARTNER","ADMIRER",1907,,
654,"RIVAL","RIVAL_BUSINESS",2027,,
654,"PARTNER","ADMIRER",2141,,
1908,"RIVAL","RIVAL_BUSINESS",2029,,
655,"RIVAL","RIVAL_BUSINESS",2028,,
655,"PARTNER","AFFAIR",2263,,
1910,"PARTNER","ADMIRER",1978,,
1911,"PARTNER","ADMIRER",2154,,
656,"PARTNER","ADMIRER",2109,,
104,"RIVAL","RIVAL_ROMANTIC",761,,
1913,"PARTNER","ADMIRER",2327,,
1915,"CARER","CARES_FOR",2590,,
1916,"CARER","CARES_FOR",2591,,
657,"PARTNER","ADMIRER",787,,
1918,"RIVAL","RIVAL_BUSINESS",2031,,
1919,"PARTNER","AFFAIR",2748,,
1920,"RIVAL","RIVAL_COMPETITIVE",1921,,
1922,"PARTNER","ADMIRER",2308,,
658,"RIVAL","RIVAL_ROMANTIC",721,,
1923,"PARTNER","ADMIRER",2211,,
1924,"RIVAL","RIVAL_COMPETITIVE",1925,,
1926,"RIVAL","RIVAL_COMPETITIVE",1927,,
1928,"PARTNER","ADMIRER",2330,,
660,"PARTNER","ADMIRER",2220,,
4749,"RIVAL","RIVAL_RELIGION",7596,,
661,"CARER","CARES_FOR",2592,,
661,"CARER","CARES_FOR",2593,,
4756,"RIVAL","RIVAL_RELIGION",7733,,
4758,"RIVAL","RIVAL_RELIGION",6406,,
1932,"CARER","CARES_FOR",2594,,
725,"RIVAL","RIVAL_BUSINESS",1933,,
1934,"RIVAL","RIVAL_COMPETITIVE",1935,,
1938,"RIVAL","RIVAL_BUSINESS",2200,,
1942,"RIVAL","RIVAL_COMPETITIVE",1943,,
1945,"PARTNER","ADMIRER",1992,,
1947,"PARTNER","ADMIRER",2193,,
4785,"RIVAL","RIVAL_RELIGION",5614,,
665,"RIVAL","RIVAL_BUSINESS",2111,,
715,"RIVAL","RIVAL_BUSINESS",1951,,
128,"RIVAL","RIVAL_ROMANTIC",666,,
667,"RIVAL","RIVAL_ROMANTIC",683,,
1954,"RIVAL","RIVAL_BUSINESS",2110,,
1955,"CARER","CARES_FOR",2595,,
669,"RIVAL","RIVAL_ROMANTIC",726,,
1957,"RIVAL","RIVAL_COMPETITIVE",1958,,
4801,"RIVAL","RIVAL_RELIGION",7226,,
1959,"RIVAL","RIVAL_BUSINESS",2168,,
4805,"RIVAL","RIVAL_RELIGION",6458,,
671,"RIVAL","RIVAL_BUSINESS",2180,,
671,"PARTNER","ADMIRER",793,,
672,"RIVAL","RIVAL_ROMANTIC",697,,
118,"RIVAL","RIVAL_BUSINESS",1966,,
1967,"RIVAL","RIVAL_BUSINESS",2192,,
673,"RIVAL","RIVAL_ROMANTIC",780,,
1969,"CARER","CARES_FOR",2596,,
1971,"PARTNER","ADMIRER",2225,,
674,"RIVAL","RIVAL_COMPETITIVE",675,,
674,"PARTNER","ADMIRER",2172,,
675,"PARTNER","ADMIRER",2298,,
1973,"PARTNER","ADMIRER",2339,,
748,"RIVAL","RIVAL_BUSINESS",1974,,
1976,"PARTNER","AFFAIR",2746,,
715,"PARTNER","ADMIRER",1977,,
677,"RIVAL","RIVAL_ROMANTIC",767,,
105,"PARTNER","AFFAIR",2062,,
105,"RIVAL","RIVAL_ROMANTIC",119,,
1979,"PARTNER","ADMIRER",2341,,
4841,"RIVAL","RIVAL_RELIGION",5322,,
1980,"RIVAL","RIVAL_BUSINESS",2189,,
1981,"RIVAL","RIVAL_BUSINESS",2052,,
1982,"CARER","CARES_FOR",2597,,
1983,"CARER","CARES_FOR",2598,,
4855,"RIVAL","RIVAL_RELIGION",6932,,
679,"PARTNER","ADMIRER",775,,
679,"PARTNER","ADMIRER",779,,
1985,"PARTNER","ADMIRER",2338,,
106,"RIVAL","RIVAL_BUSINESS",126,,
1986,"RIVAL","RIVAL_COMPETITIVE",1987,,
1988,"PARTNER","ADMIRER",2057,,
1989,"PARTNER","AFFAIR",2139,,
107,"RIVAL","RIVAL_COMPETITIVE",108,,
109,"CARER","CARES_FOR",2599,,
109,"CARER","CARES_FOR",2600,,
109,"CARER","CARES_FOR",2601,,
796,"PARTNER","ADMIRER",1994,,
1996,"PARTNER","ADMIRER",2040,,
1999,"PARTNER","ADMIRER",2218,,
686,"RIVAL","RIVAL_ROMANTIC",760,,
687,"CARER","CARES_FOR",2602,,
687,"CARER","CARES_FOR",2603,,
2001,"PARTNER","AFFAIR",2753,,
2002,"PARTNER","AFFAIR",2750,,
688,"RIVAL","RIVAL_ROMANTIC",730,,
689,"RIVAL","RIVAL_BUSINESS",2024,,
783,"PARTNER","ADMIRER",2003,,
2004,"RIVAL","RIVAL_COMPETITIVE",2005,,
2008,"RIVAL","RIVAL_COMPETITIVE",2009,,
690,"CARER","CARES_FOR",2604,,
695,"PARTNER","ADMIRER",731,,
695,"PARTNER","ADMIRER",746,,
2015,"RIVAL","RIVAL_COMPETITIVE",2016,,
2017,"RIVAL","RIVAL_COMPETITIVE",2018,,
4902,"RIVAL","RIVAL_RELIGION",7538,,
2020,"PARTNER","ADMIRER",2336,,
696,"PARTNER","ADMIRER",2310,,
698,"RIVAL","RIVAL_COMPETITIVE",2022,,
698,"PARTNER","ADMIRER",763,,
2025,"RIVAL","RIVAL_COMPETITIVE",2026,,
699,"RIVAL","RIVAL_COMPETITIVE",2030,,
2032,"PARTNER","AFFAIR",2092,,
111,"RIVAL","RIVAL_COMPETITIVE",112,,
111,"RIVAL","RIVAL_ROMANTIC",790,,
112,"PARTNER","ADMIRER",712,,
112,"PARTNER","ADMIRER",717,,
2034,"PARTNER","ADMIRER",2215,,
702,"RIVAL","RIVAL_COMPETITIVE",2036,,
702,"PARTNER","ADMIRER",2309,,
2037,"RIVAL","RIVAL_BUSINESS",2100,,
2039,"CARER","CARES_FOR",2606,,
2042,"RIVAL","RIVAL_BUSINESS",2284,,
2043,"PARTNER","AFFAIR",2737,,
2044,"PARTNER","AFFAIR",2752,,
2045,"PARTNER","AFFAIR",2744,,
2046,"PARTNER","ADMIRER",2160,,
2047,"PARTNER","ADMIRER",2348,,
704,"RIVAL","RIVAL_ROMANTIC",749,,
2048,"RIVAL","RIVAL_RELIGION",7406,,
2053,"CARER","CARES_FOR",2607,,
705,"CARER","CARES_FOR",2608,,
705,"RIVAL","RIVAL_COMPETITIVE",706,,
706,"PARTNER","AFFAIR",2349,,
4982,"RIVAL","RIVAL_RELIGION",7005,,
2055,"PARTNER","ADMIRER",2152,,
707,"PARTNER","ADMIRER",752,,
707,"RIVAL","RIVAL_BUSINESS",2295,,
708,"RIVAL","RIVAL_ROMANTIC",772,,
4995,"RIVAL","RIVAL_RELIGION",7383,,
113,"RIVAL","RIVAL_COMPETITIVE",2064,,
113,"RIVAL","RIVAL_ROMANTIC",786,,
2063,"CARER","CARES_FOR",2610,,
119,"RIVAL","RIVAL_BUSINESS",2066,,
2068,"RIVAL","RIVAL_BUSINESS",2227,,
709,"RIVAL","RIVAL_COMPETITIVE",2071,,
710,"CARER","CARES_FOR",2611,,
710,"CARER","CARES_FOR",2612,,
2069,"CARER","CARES_FOR",2613,,
2070,"CARER","CARES_FOR",2614,,
2302,"RIVAL","RIVAL_RELIGION",5011,,
2072,"RIVAL","RIVAL_COMPETITIVE",2073,,
2074,"RIVAL","RIVAL_BUSINESS",2321,,
711,"CARER","CARES_FOR",2615,,
711,"PARTNER","AFFAIR",2081,,
712,"RIVAL","RIVAL_ROMANTIC",717,,
115,"PARTNER","ADMIRER",713,,
713,"PARTNER","ADMIRER",723,,
714,"RIVAL","RIVAL_BUSINESS",2076,,
782,"RIVAL","RIVAL_BUSINESS",2077,,
2078,"PARTNER","ADMIRER",2101,,
716,"PARTNER","ADMIRER",2173,,
2080,"RIVAL","RIVAL_BUSINESS",2222,,
2083,"PARTNER","ADMIRER",2266,,
2084,"RIVAL","RIVAL_COMPETITIVE",2085,,
2086,"RIVAL","RIVAL_BUSINESS",2233,,
2087,"RIVAL","RIVAL_BUSINESS",2234,,
718,"PARTNER","ADMIRER",732,,
718,"PARTNER","ADMIRER",778,,
743,"PARTNER","ADMIRER",2088,,
114,"RIVAL","RIVAL_COMPETITIVE",115,,
114,"PARTNER","ADMIRER",741,,
114,"PARTNER","ADMIRER",117,,
2089,"CARER","CARES_FOR",2616,,
2090,"RIVAL","RIVAL_BUSINESS",2232,,
115,"RIVAL","RIVAL_ROMANTIC",723,,
2093,"RIVAL","RIVAL_COMPETITIVE",2094,,
719,"RIVAL","RIVAL_ROMANTIC",751,,
2095,"RIVAL","RIVAL_COMPETITIVE",2096,,
2097,"RIVAL","RIVAL_COMPETITIVE",2098,,
720,"CARER","CARES_FOR",2617,,
720,"CARER","CARES_FOR",2618,,
756,"PARTNER","ADMIRER",2102,,
2103,"PARTNER","AFFAIR",2148,,
722,"RIVAL","RIVAL_COMPETITIVE",2104,,
725,"PARTNER","ADMIRER",2282,,
2108,"PARTNER","ADMIRER",2257,,
2112,"RIVAL","RIVAL_BUSINESS",2251,,
727,"CARER","CARES_FOR",2621,,
727,"CARER","CARES_FOR",2622,,
2113,"CARER","CARES_FOR",2623,,
2114,"CARER","CARES_FOR",2624,,
2116,"PARTNER","AFFAIR",2207,,
2119,"RIVAL","RIVAL_BUSINESS",2353,,
729,"RIVAL","RIVAL_BUSINESS",2366,,
2122,"RIVAL","RIVAL_BUSINESS",2368,,
2123,"RIVAL","RIVAL_BUSINESS",2367,,
5076,"RIVAL","RIVAL_RELIGION",6433,,
2124,"RIVAL","RIVAL_COMPETITIVE",2125,,
2126,"PARTNER","ADMIRER",2285,,
2127,"RIVAL","RIVAL_COMPETITIVE",2128,,
2129,"CARER","CARES_FOR",2625,,
3,"PARTNER","ADMIRER",116,,
116,"PARTNER","ADMIRER",764,,
5095,"RIVAL","RIVAL_RELIGION",6633,,
2133,"CARER","CARES_FOR",2626,,
2134,"RIVAL","RIVAL_BUSINESS",2256,,
2135,"RIVAL","RIVAL_BUSINESS",2167,,
2138,"PARTNER","ADMIRER",2166,,
731,"RIVAL","RIVAL_ROMANTIC",746,,
732,"RIVAL","RIVAL_ROMANTIC",778,,
2140,"PARTNER","ADMIRER",2289,,
2143,"RIVAL","RIVAL_COMPETITIVE",2144,,
2145,"RIVAL","RIVAL_COMPETITIVE",2146,,
735,"RIVAL","RIVAL_COMPETITIVE",736,,
736,"CARER","CARES_FOR",2627,,
2149,"PARTNER","ADMIRER",2292,,
783,"RIVAL","RIVAL_BUSINESS",2153,,
2156,"CARER","CARES_FOR",2628,,
795,"PARTNER","ADMIRER",2157,,
738,"CARER","CARES_FOR",2629,,
117,"RIVAL","RIVAL_ROMANTIC",741,,
742,"CARER","CARES_FOR",2632,,
743,"RIVAL","RIVAL_COMPETITIVE",2163,,
2164,"PARTNER","AFFAIR",2219,,
763,"RIVAL","RIVAL_BUSINESS",2165,,
3,"RIVAL","RIVAL_ROMANTIC",764,,
2170,"CARER","CARES_FOR",2633,,
2171,"PARTNER","ADMIRER",2260,,
2174,"RIVAL","RIVAL_COMPETITIVE",2175,,
2176,"PARTNER","ADMIRER",2252,,
2178,"RIVAL","RIVAL_COMPETITIVE",2179,,
2181,"RIVAL","RIVAL_BUSINESS",2332,,
747,"CARER","CARES_FOR",2634,,
747,"CARER","CARES_FOR",2635,,
2182,"CARER","CARES_FOR",2636,,
2183,"RIVAL","RIVAL_BUSINESS",2197,,
748,"CARER","CARES_FOR",2637,,
2185,"CARER","CARES_FOR",2638,,
750,"RIVAL","RIVAL_COMPETITIVE",2187,,
2186,"CARER","CARES_FOR",2639,,
752,"RIVAL","RIVAL_BUSINESS",796,,
2194,"PARTNER","ADMIRER",2354,,
2195,"PARTNER","AFFAIR",2290,,
2196,"CARER","CARES_FOR",2640,,
132,"RIVAL","RIVAL_BUSINESS",2198,,
765,"PARTNER","ADMIRER",2201,,
756,"RIVAL","RIVAL_COMPETITIVE",2204,,
2206,"CARER","CARES_FOR",2641,,
755,"PARTNER","ADMIRER",757,,
126,"PARTNER","ADMIRER",755,,
126,"RIVAL","RIVAL_ROMANTIC",757,,
2212,"PARTNER","ADMIRER",2283,,
2213,"RIVAL","RIVAL_BUSINESS",2294,,
2216,"RIVAL","RIVAL_COMPETITIVE",2217,,
2221,"CARER","CARES_FOR",2643,,
2223,"RIVAL","RIVAL_BUSINESS",2307,,
2224,"CARER","CARES_FOR",2644,,
2226,"RIVAL","RIVAL_COMPETITIVE",2228,,
2230,"RIVAL","RIVAL_BUSINESS",2303,,
125,"RIVAL","RIVAL_BUSINESS",2231,,
2235,"RIVAL","RIVAL_BUSINESS",2312,,
2236,"RIVAL","RIVAL_BUSINESS",2311,,
2237,"RIVAL","RIVAL_COMPETITIVE",2238,,
120,"CARER","CARES_FOR",2645,,
120,"CARER","CARES_FOR",2646,,
120,"CARER","CARES_FOR",2647,,
2239,"RIVAL","RIVAL_COMPETITIVE",2240,,
121,"RIVAL","RIVAL_COMPETITIVE",765,,
2241,"RIVAL","RIVAL_COMPETITIVE",2242,,
122,"RIVAL","RIVAL_COMPETITIVE",123,,
122,"RIVAL","RIVAL_ROMANTIC",785,,
123,"RIVAL","RIVAL_ROMANTIC",132,,
2243,"CARER","CARES_FOR",2648,,
2244,"RIVAL","RIVAL_COMPETITIVE",2245,,
124,"RIVAL","RIVAL_COMPETITIVE",766,,
768,"CARER","CARES_FOR",2650,,
768,"CARER","CARES_FOR",2651,,
2249,"RIVAL","RIVAL_COMPETITIVE",2250,,
125,"CARER","CARES_FOR",2652,,
125,"CARER","CARES_FOR",2653,,
2253,"RIVAL","RIVAL_BUSINESS",2324,,
2254,"RIVAL","RIVAL_BUSINESS",2356,,
129,"PARTNER","ADMIRER",770,,
770,"PARTNER","ADMIRER",794,,
2255,"RIVAL","RIVAL_BUSINESS",2323,,
771,"CARER","CARES_FOR",2654,,
771,"CARER","CARES_FOR",2655,,
2258,"RIVAL","RIVAL_COMPETITIVE",2259,,
2264,"RIVAL","RIVAL_BUSINESS",2265,,
2267,"RIVAL","RIVAL_COMPETITIVE",2268,,
2269,"RIVAL","RIVAL_BUSINESS",2274,,
2270,"RIVAL","RIVAL_COMPETITIVE",2271,,
2272,"RIVAL","RIVAL_COMPETITIVE",2273,,
2277,"CARER","CARES_FOR",2659,,
2278,"CARER","CARES_FOR",2660,,
773,"RIVAL","RIVAL_COMPETITIVE",2279,,
773,"PARTNER","ADMIRER",2281,,
2280,"PARTNER","ADMIRER",2374,,
2287,"PARTNER","ADMIRER",2373,,
2288,"CARER","CARES_FOR",2662,,
2291,"CARER","CARES_FOR",2663,,
774,"CARER","CARES_FOR",2664,,
774,"CARER","CARES_FOR",2665,,
775,"RIVAL","RIVAL_ROMANTIC",779,,
2296,"RIVAL","RIVAL_COMPETITIVE",2297,,
777,"CARER","CARES_FOR",2666,,
777,"CARER","CARES_FOR",2667,,
2304,"PARTNER","AFFAIR",2365,,
2305,"RIVAL","RIVAL_COMPETITIVE",2306,,
2314,"CARER","CARES_FOR",2668,,
2315,"RIVAL","RIVAL_COMPETITIVE",2316,,
2317,"CARER","CARES_FOR",2669,,
2318,"RIVAL","RIVAL_COMPETITIVE",2319,,
2322,"RIVAL","RIVAL_BUSINESS",2331,,
129,"RIVAL","RIVAL_BUSINESS",2325,,
127,"CARER","CARES_FOR",2673,,
127,"CARER","CARES_FOR",2674,,
127,"RIVAL","RIVAL_COMPETITIVE",2328,,
128,"RIVAL","RIVAL_COMPETITIVE",2329,,
2333,"RIVAL","RIVAL_BUSINESS",2340,,
2334,"CARER","CARES_FOR",2675,,
129,"RIVAL","RIVAL_ROMANTIC",794,,
2335,"CARER","CARES_FOR",2676,,
2342,"RIVAL","RIVAL_COMPETITIVE",2343,,
2345,"RIVAL","RIVAL_COMPETITIVE",2346,,
787,"RIVAL","RIVAL_COMPETITIVE",2347,,
130,"PARTNER","ADMIRER",788,,
131,"PARTNER","ADMIRER",788,,
2351,"RIVAL","RIVAL_COMPETITIVE",2352,,
2355,"CARER","CARES_FOR",2678,,
2357,"RIVAL","RIVAL_COMPETITIVE",2358,,
2359,"CARER","CARES_FOR",2679,,
2360,"RIVAL","RIVAL_COMPETITIVE",2361,,
2362,"CARER","CARES_FOR",2680,,
789,"CARER","CARES_FOR",2681,,
789,"RIVAL","RIVAL_COMPETITIVE",2363,,
2364,"CARER","CARES_FOR",2682,,
2369,"CARER","CARES_FOR",2683,,
131,"RIVAL","RIVAL_BUSINESS",2370,,
793,"RIVAL","RIVAL_BUSINESS",2371,,
130,"RIVAL","RIVAL_BUSINESS",791,,
792,"RIVAL","RIVAL_BUSINESS",2372,,
130,"RIVAL","RIVAL_ROMANTIC",131,,
795,"RIVAL","RIVAL_COMPETITIVE",2375,,
2376,"CARER","CARES_FOR",2684,,
2387,"CARER","CARER",2689,,
2396,"CARER","CARER",2691,,
2400,"CARER","CARER",2694,,
797,"CARER","CARER",2406,,
797,"CARER","CARER",2407,,
2408,"CARER","CARER",2696,,
2417,"CARER","CARER",2697,,
2420,"CARER","CARER",2698,,
798,"CARER","CARER",2435,,
798,"CARER","CARER",2436,,
2437,"CARER","CARER",2703,,
2439,"CARER","CARER",2704,,
2448,"CARER","CARER",2707,,
799,"CARER","CARER",2455,,
799,"CARER","CARER",2456,,
800,"CARER","CARER",2464,,
800,"CARER","CARER",2465,,
2469,"CARER","CARER",2711,,
2477,"CARER","CARER",2713,,
801,"CARER","CARER",2486,,
2488,"CARER","CARER",2720,,
2492,"CARER","CARER",2721,,
2493,"CARER","CARER",2722,,
2503,"CARER","CARER",2724,,
2505,"CARER","CARER",2725,,
2508,"CARER","CARER",2726,,
2510,"CARER","CARER",2727,,
2513,"CARER","CARER",2728,,
2516,"CARER","CARER",2729,,
2519,"CARER","CARER",2730,,
133,"CARER","CARER",2528,,
133,"CARER","CARER",2529,,
2533,"CARER","CARER",2732,,
2542,"CARER","CARER",2733,,
802,"CARER","CARER",2546,,
802,"CARER","CARER",2547,,
2554,"CARER","CARER",2735,,
2556,"CARER","CARER",2736,,
134,"CARER","CARER",2558,,
134,"CARER","CARER",2559,,
134,"CARER","CARER",2560,,
803,"CARER","CARER",2564,,
803,"CARER","CARER",2565,,
2570,"CARER","CARER",2738,,
135,"CARER","CARER",2575,,
135,"CARER","CARER",2576,,
135,"CARER","CARER",2577,,
2581,"CARER","CARER",2739,,
2583,"CARER","CARER",2740,,
804,"CARER","CARER",2589,,
2605,"CARER","CARER",2749,,
2609,"CARER","CARER",2751,,
2619,"CARER","CARER",2754,,
2620,"CARER","CARER",2755,,
805,"CARER","CARER",2630,,
805,"CARER","CARER",2631,,
2642,"CARER","CARER",2757,,
2649,"CARER","CARER",2758,,
136,"CARER","CARER",2656,,
136,"CARER","CARER",2657,,
136,"CARER","CARER",2658,,
2661,"CARER","CARER",2760,,
2670,"CARER","CARER",2761,,
2671,"CARER","CARER",2762,,
2672,"CARER","CARER",2763,,
2677,"CARER","CARER",2764,,
2690,"PARTNER","AFFAIR",2700,,
804,"PARTNER","AFFAIR",2709,,
2742,"PARTNER","AFFAIR",2743,,
2745,"PARTNER","AFFAIR",2756,,